GENETIC CONDITIONS,"Genetic Diseases, Inborn",D030342,0,118855,"[""|Diseases|Congenital, Hereditary, and Neonatal Diseases and Abnormalities|Genetic Diseases, Inborn|""]"
CONDITIONS A-Z NOT LISTED SEPARATELY,"Genetic Diseases, Inborn",D030342,0,118855,"[""|Diseases|Congenital, Hereditary, and Neonatal Diseases and Abnormalities|Genetic Diseases, Inborn|""]"
ACHONDROPLASIA (ACH),Achondroplasia,D017204,0,118818,"[""|Diseases|Musculoskeletal Diseases|Bone Diseases|Bone Diseases, Developmental|Dwarfism|Achondroplasia|"",""|Diseases|Endocrine System Diseases|Dwarfism|Achondroplasia|"",""|Diseases|Congenital, Hereditary, and Neonatal Diseases and Abnormalities|Genetic Diseases, Inborn|Dwarfism|Achondroplasia|"",""|Diseases|Musculoskeletal Diseases|Bone Diseases|Bone Diseases, Developmental|Osteochondrodysplasias|Achondroplasia|""]"
ALPHA-1-ANTITRYPSIN DEFICIENCY (AAD),alpha 1-Antitrypsin Deficiency,D019896,0,121354,"[""|Diseases|Skin and Connective Tissue Diseases|Connective Tissue Diseases|alpha 1-Antitrypsin Deficiency|""]"
ALBINISM,Albinism,D000417,0,121363,"[""|Diseases|Eye Diseases|Eye Diseases, Hereditary|Albinism|""]"
ALPORT SYNDROME (ATS),Alport Syndrome,D009394,0,0,null
ALZHEIMER & OTHER DEMENTIAS,Alzheimer Disease,D000544,0,107009,"[""|Psychiatry and Pscychology|Mental Disorders|Delirium, Dementia, Amnestic, Cognitive Disorders|Dementias|Alzheimer Disease|""]"
ANGELMAN SYNDROME (AS),Angelman Syndrome,D017204,0,119426,"[""|Diseases|Congenital, Hereditary, and Neonatal Diseases and Abnormalities|Congenital Abnormalities|Abnormalities, Multiple|Angelman Syndrome|"",""|Diseases|Congenital, Hereditary, and Neonatal Diseases and Abnormalities|Congenital Abnormalities|Chromosome Disorders|Angelman Syndrome|"",""|Diseases|Congenital, Hereditary, and Neonatal Diseases and Abnormalities|Genetic Diseases, Inborn|Chromosome Disorders|Angelman Syndrome|"",""|Diseases|Nervous System Diseases|Central Nervous System Diseases|Movement Disorders|Angelman Syndrome|""]"
AUTISM & ASPERGER SYNDROME (ASD),Autistic Disorder;,D001321,0,0,null
AUTISM & ASPERGER SYNDROME (ASD),Asperger Syndrome,D020817,0,107002,"[""|Psychiatry and Pscychology|Mental Disorders|Mental Disorders Diagnosed in Childhood|Child Development Disorders, Pervasive|Asperger Syndrome|""]"
BECKER MUSCULAR DYSTROPHY (BMD) (BD),Alport Syndrome,D020388,0,0,null
BECKWITH-WIEDEMANN SYNDROME (BWS),Beckwith-Wiedemann Syndrome,D001506,0,120301,"[""|Diseases|Congenital, Hereditary, and Neonatal Diseases and Abnormalities|Congenital Abnormalities|Abnormalities, Multiple|Beckwith-Wiedemann Syndrome|"",""|Diseases|Congenital, Hereditary, and Neonatal Diseases and Abnormalities|Congenital Abnormalities|Chromosome Disorders|Beckwith-Wiedemann Syndrome|"",""|Diseases|Congenital, Hereditary, and Neonatal Diseases and Abnormalities|Genetic Diseases, Inborn|Chromosome Disorders|Beckwith-Wiedemann Syndrome|""]"
BOWEL CANCER (FAMILIAL),Bowel cancer,,0,0,null
BREAST & OVARIAN CANCER (FAMILIAL),Breast Cancer,D001943,0,118547,"[""|Diseases|Skin and Connective Tissue Diseases|Skin Diseases|Breast Diseases|Breast Cancer|""]"
BREAST & OVARIAN CANCER (FAMILIAL),Ovarian Cancer,D010051,0,0,null
BRITTLE BONE DISEASE (SEE OSTEOGENESIS IMPERFECTA),Osteogenesis Imperfecta,D010013,0,121445,"[""|Diseases|Skin and Connective Tissue Diseases|Connective Tissue Diseases|Collagen Diseases|Osteogenesis Imperfecta|""]"
CARDIOMYOPATHY (HCM) (DCM) (ARVD/C),Cardiomyopathies,D009202,0,120439,"[""|Diseases|Cardiovascular Diseases|Heart Diseases|Cardiomyopathies|""]"
CHARCOT-MARIE-TOOTH DISEASE (CMT),Charcot-Marie-Tooth Disease,D002607,0,0,null
COELIAC DISEASE,Coeliac disease,,0,0,null
COLORECTAL CANCER (FAMILIAL) (CRC) (HNPCC) (LYNCH) (FAP) (MUYH),Colonic Cancer,D015179,0,0,null
CONGENITAL ADRENAL HYPERPLASIA (CAH),"Adrenal Hyperplasia, Congenital",D000312,0,118854,"[""|Diseases|Endocrine System Diseases|Adrenal Gland Diseases|Adrenal Hyperplasia, Congenital|"",""|Diseases|Congenital, Hereditary, and Neonatal Diseases and Abnormalities|Genetic Diseases, Inborn|Adrenal Hyperplasia, Congenital|"",""|Diseases|Congenital, Hereditary, and Neonatal Diseases and Abnormalities|Genetic Diseases, Inborn|Metabolism, Inborn Errors|Steroid Metabolism, Inborn Errors|Adrenal Hyperplasia, Congenital|"",""|Diseases|Nutritional and Metabolic Diseases|Metabolic Diseases|Metabolism, Inborn Errors|Steroid Metabolism, Inborn Errors|Adrenal Hyperplasia, Congenital|""]"
COSTELLO SYNDROME,Costello Syndrome,D056685,0,121221,"[""|Diseases|Congenital, Hereditary, and Neonatal Diseases and Abnormalities|Congenital Abnormalities|Musculoskeletal Abnormalities|Craniofacial Abnormalities|Costello Syndrome|"",""|Diseases|Musculoskeletal Diseases|Musculoskeletal Abnormalities|Craniofacial Abnormalities|Costello Syndrome|""]"
CRI-DU-CHAT SYNDROME,Cri-du-Chat Syndrome,D003410,0,107120,"[""|Psychiatry and Pscychology|Mental Disorders|Mental Disorders Diagnosed in Childhood|Mental Retardation|Cri-du-Chat Syndrome|""]"
CYSTIC FIBROSIS (CF),Cystic Fibrosis,D003550,0,118738,"[""|Diseases|Respiratory Tract Diseases|Lung Diseases|Cystic Fibrosis|""]"
DEAFNESS (GENETIC SYNDROMES),Deafness,,0,0,null
DIABETES MELLITUS (NDM) (PNDM) (TNDM),Diabetes Mellitus,D003920,0,120719,"[""|Diseases|Endocrine System Diseases|Diabetes Mellitus|"",""|Diseases|Nutritional and Metabolic Diseases|Metabolic Diseases|Glucose Metabolism Disorders|Diabetes Mellitus|""]"
DIGEORGE SYNDROME (DGS) (VCFS),DiGeorge Syndrome,D004062,0,120660,"[""|Diseases|Congenital, Hereditary, and Neonatal Diseases and Abnormalities|Congenital Abnormalities|DiGeorge Syndrome|"",""|Diseases|Endocrine System Diseases|Parathyroid Diseases|Hypoparathyroidism|DiGeorge Syndrome|"",""|Diseases|Immune System Diseases|Immunologic Deficiency Syndromes|DiGeorge Syndrome|""]"
DOWN SYNDROME (DS),Down Syndrome,D004314,0,107134,"[""|Psychiatry and Pscychology|Mental Disorders|Mental Disorders Diagnosed in Childhood|Mental Retardation|Down Syndrome|""]"
DUCHENNE MUSCULAR DYSTROPHY (DMD),Duchenne Muscular Dystrophy,D020388,0,0,null
EDWARDS SYNDROME,Edwards Syndrome,,0,0,null
EHLERS-DANLOS SYNDROME (EDS),Ehlers-Danlos Syndrome,D004535,0,121454,"[""|Diseases|Skin and Connective Tissue Diseases|Skin Diseases|Skin Abnormalities|Ehlers-Danlos Syndrome|"",""|Diseases|Skin and Connective Tissue Diseases|Skin Diseases|Skin Diseases, Genetic|Ehlers-Danlos Syndrome|""]"
EPILEPSY (GENETIC SYNDROMES),Epilepsy,D004827,0,0,null
FABRY DISEASE,Fabry disease,D000795,0,0,null
FAMILIAL HYPERCHOLESTEROLAEMIA (FH),Familial Hypercholesterolaemia,,0,0,null
FRAGILE X SYNDROME (FX) (FXS) (FXTAS) (FRAXA) (FMR1),Fragile X Syndrome,D005600,0,107088,"[""|Psychiatry and Pscychology|Mental Disorders|Mental Disorders Diagnosed in Childhood|Mental Retardation|Mental Retardation, X-Linked|Fragile X Syndrome|""]"
FATTY ACID OXIDATION DISORDERS (FOD) (MCAD),Fatty Acid Oxidation Disorders,,0,0,null
GILBERT SYNDROME,Gilbert Disease,D005878,0,119265,"[""|Diseases|Congenital, Hereditary, and Neonatal Diseases and Abnormalities|Genetic Diseases, Inborn|Metabolism, Inborn Errors|Hyperbilirubinemia, Hereditary|Gilbert Disease|"",""|Diseases|Nutritional and Metabolic Diseases|Metabolic Diseases|Metabolism, Inborn Errors|Hyperbilirubinemia, Hereditary|Gilbert Disease|""]"
GORLIN SYNDROME (NBCCS),Gorlin Syndrome,D001478,0,0,null
HAEMOPHILIA (HEMA) (HEMB),Haemophilia,D006467,0,0,null
HEREDITARY HAEMOCHROMATOSIS (HH) (HFE),Heriditary Haemochromatosis,,0,0,null
HIRSCHSPRUNG DISEASE,Hirschsprung disease,D006627,0,0,null
HUNTINGTON DISEASE (HD),Huntington Disease,D006816,0,107019,"[""|Psychiatry and Pscychology|Mental Disorders|Delirium, Dementia, Amnestic, Cognitive Disorders|Cognition Disorders|Huntington Disease|"",""|Psychiatry and Pscychology|Mental Disorders|Delirium, Dementia, Amnestic, Cognitive Disorders|Dementias|Huntington Disease|""]"
KLEEFSTRA SYNDROME,Kleefstra Syndrome,,0,0,null
KLINEFELTER SYNDROME,Klinefelter Syndrome,D007713,0,119310,"[""|Diseases|Endocrine System Diseases|Gonadal Disorders|Hypogonadism|Klinefelter Syndrome|"",""|Diseases|Congenital, Hereditary, and Neonatal Diseases and Abnormalities|Congenital Abnormalities|Chromosome Disorders|Sex Chromosome Disorders|Klinefelter Syndrome|"",""|Diseases|Congenital, Hereditary, and Neonatal Diseases and Abnormalities|Genetic Diseases, Inborn|Chromosome Disorders|Sex Chromosome Disorders|Klinefelter Syndrome|"",""|Diseases|Endocrine System Diseases|Gonadal Disorders|Sex Differentiation Disorders|Klinefelter Syndrome|"",""|Diseases|Congenital, Hereditary, and Neonatal Diseases and Abnormalities|Congenital Abnormalities|Urogenital Abnormalities|Sex Differentiation Disorders|Klinefelter Syndrome|"",""|Diseases|Female Urogenital Diseases and Pregnancy Complications|Female Urogenital Diseases|Urogenital Abnormalities|Sex Differentiation Disorders|Klinefelter Syndrome|"",""|Diseases|Male Urogenital Diseases|Urogenital Abnormalities|Sex Differentiation Disorders|Klinefelter Syndrome|""]"
LONG QT SYNDROME (LQTS),Long QT Syndrome,D008133,0,119365,"[""|Diseases|Cardiovascular Diseases|Heart Diseases|Arrhythmias, Cardiac|Long QT Syndrome|"",""|Diseases|Pathological Conditions, Signs and Symptoms|Pathologic Processes|Arrhythmias, Cardiac|Long QT Syndrome|"",""|Diseases|Cardiovascular Diseases|Cardiovascular Abnormalities|Heart Defects, Congenital|Long QT Syndrome|"",""|Diseases|Congenital, Hereditary, and Neonatal Diseases and Abnormalities|Congenital Abnormalities|Cardiovascular Abnormalities|Heart Defects, Congenital|Long QT Syndrome|"",""|Diseases|Cardiovascular Diseases|Heart Diseases|Heart Defects, Congenital|Long QT Syndrome|""]"
MARFAN SYNDROME (MFS),Marfan Syndrome,D008382,0,121433,"[""|Diseases|Skin and Connective Tissue Diseases|Connective Tissue Diseases|Marfan Syndrome|""]"
METABOLIC DISEASES,Metabolic diseases,D008659,0,0,null
MULTIFACTORIAL INHERITANCE,Multifactorial Inheritance,D020412,0,123201,"[""|Natural Science, Anatomy and Organisms|Natural Sciences|Biological Sciences|Genetic Phenomena|Inheritance Patterns|Multifactorial Inheritance|""]"
MYOTONIC DYSTROPHY (DM) (DM1) (DM2),Myotonic Dystrophy,D009223,0,119496,"[""|Diseases|Congenital, Hereditary, and Neonatal Diseases and Abnormalities|Genetic Diseases, Inborn|Heredodegenerative Disorders, Nervous System|Myotonic Dystrophy|"",""|Diseases|Nervous System Diseases|Neurodegenerative Diseases|Heredodegenerative Disorders, Nervous System|Myotonic Dystrophy|"",""|Diseases|Congenital, Hereditary, and Neonatal Diseases and Abnormalities|Genetic Diseases, Inborn|Muscular Dystrophies|Myotonic Dystrophy|"",""|Diseases|Musculoskeletal Diseases|Muscular Diseases|Muscular Disorders, Atrophic|Muscular Dystrophies|Myotonic Dystrophy|"",""|Diseases|Nervous System Diseases|Neuromuscular Diseases|Muscular Diseases|Muscular Disorders, Atrophic|Muscular Dystrophies|Myotonic Dystrophy|"",""|Diseases|Nervous System Diseases|Neuromuscular Diseases|Muscular Disorders, Atrophic|Muscular Dystrophies|Myotonic Dystrophy|"",""|Diseases|Musculoskeletal Diseases|Muscular Diseases|Myotonic Disorders|Myotonic Dystrophy|"",""|Diseases|Nervous System Diseases|Neuromuscular Diseases|Muscular Diseases|Myotonic Disorders|Myotonic Dystrophy|""]"
NEURAL TUBE DEFECTS (NTD),Neural Tube Defects,D009436,0,120144,"[""|Diseases|Congenital, Hereditary, and Neonatal Diseases and Abnormalities|Congenital Abnormalities|Nervous System Malformations|Neural Tube Defects|"",""|Diseases|Nervous System Diseases|Nervous System Malformations|Neural Tube Defects|""]"
NEUROFIBROMATOSIS (NF) (NF1) (NF2),Neurofibromatoses,D017253,0,118522,"[""|Diseases|Cancers|Neoplastic Syndromes, Hereditary|Neurofibromatoses|"",""|Diseases|Cancers|Cancers by Histologic Type|Cancers, Nerve Tissue|Nerve Sheath Cancers|Neurofibroma|Neurofibromatoses|"",""|Diseases|Cancers|Cancers by Site|Nervous System Cancers|Peripheral Nervous System Cancers|Nerve Sheath Cancers|Neurofibroma|Neurofibromatoses|""]"
NOONAN SYNDROME,Noonan Syndrome,D009634,0,121172,"[""|Diseases|Skin and Connective Tissue Diseases|Connective Tissue Diseases|Noonan Syndrome|""]"
OSTEOGENESIS IMPERFECTA (OI) (OIC),Osteogenesis Imperfecta,D010013,0,121445,"[""|Diseases|Skin and Connective Tissue Diseases|Connective Tissue Diseases|Collagen Diseases|Osteogenesis Imperfecta|""]"
PATAU SYNDROME,Patau Sundrome,,0,0,null
PEUTZ-JEGHERS SYNDROME (PJS),Peutz-Jeghers Syndrome,D010580,0,118524,"[""|Diseases|Cancers|Neoplastic Syndromes, Hereditary|Peutz-Jeghers Syndrome|""]"
PHENYLKETONURIA (PKU),Phenylketonurias,D010661,0,119522,"[""|Diseases|Congenital, Hereditary, and Neonatal Diseases and Abnormalities|Genetic Diseases, Inborn|Metabolism, Inborn Errors|Amino Acid Metabolism, Inborn Errors|Phenylketonurias|"",""|Diseases|Nutritional and Metabolic Diseases|Metabolic Diseases|Metabolism, Inborn Errors|Amino Acid Metabolism, Inborn Errors|Phenylketonurias|"",""|Diseases|Nervous System Diseases|Central Nervous System Diseases|Brain Diseases|Brain Diseases, Metabolic|Brain Diseases, Metabolic, Inborn|Phenylketonurias|"",""|Diseases|Nutritional and Metabolic Diseases|Metabolic Diseases|Brain Diseases, Metabolic|Brain Diseases, Metabolic, Inborn|Phenylketonurias|"",""|Diseases|Congenital, Hereditary, and Neonatal Diseases and Abnormalities|Genetic Diseases, Inborn|Metabolism, Inborn Errors|Brain Diseases, Metabolic, Inborn|Phenylketonurias|"",""|Diseases|Nutritional and Metabolic Diseases|Metabolic Diseases|Metabolism, Inborn Errors|Brain Diseases, Metabolic, Inborn|Phenylketonurias|""]"
POLYCYSTIC KIDNEY DISEASE (PKD) (ADPKD) (ARPKD),Polycystic Kidney Diseases,D007690,0,119306,"[""|Diseases|Female Urogenital Diseases and Pregnancy Complications|Female Urogenital Diseases|Urologic Diseases|Kidney Diseases|Kidney Diseases, Cystic|Polycystic Kidney Diseases|"",""|Diseases|Male Urogenital Diseases|Urologic Diseases|Kidney Diseases|Kidney Diseases, Cystic|Polycystic Kidney Diseases|""]"
PRADER-WILLI SYNDROME (PWS),Prader-Willi Syndrome,D011218,0,107021,"[""|Psychiatry and Pscychology|Mental Disorders|Mental Disorders Diagnosed in Childhood|Mental Retardation|Prader-Willi Syndrome|""]"
RETINITIS PIGMENTOSA (RP),Retinitis Pigmentosa,D012174,0,121783,"[""|Diseases|Eye Diseases|Eye Diseases, Hereditary|Retinitis Pigmentosa|"",""|Diseases|Eye Diseases|Retinal Diseases|Retinal Degeneration|Retinitis Pigmentosa|""]"
RETT SYNDROME (RTT),Rett Syndrome,D015518,0,107023,"[""|Psychiatry and Pscychology|Mental Disorders|Mental Disorders Diagnosed in Childhood|Child Development Disorders, Pervasive|Rett Syndrome|"",""|Psychiatry and Pscychology|Mental Disorders|Mental Disorders Diagnosed in Childhood|Mental Retardation|Mental Retardation, X-Linked|Rett Syndrome|""]"
RUSSELL-SILVER SYNDROME,Silver-Russell Syndrome,D056730,0,121220,"[""|Diseases|Congenital, Hereditary, and Neonatal Diseases and Abnormalities|Congenital Abnormalities|Musculoskeletal Abnormalities|Craniofacial Abnormalities|Silver-Russell Syndrome|"",""|Diseases|Musculoskeletal Diseases|Musculoskeletal Abnormalities|Craniofacial Abnormalities|Silver-Russell Syndrome|""]"
SICKLE CELL (SC) (SCD),Sickle Cell Disorders,D000755,0,0,null
SILVER-RUSSELL SYNDROME,Silver-Russell Syndrome,D056730,0,121220,"[""|Diseases|Congenital, Hereditary, and Neonatal Diseases and Abnormalities|Congenital Abnormalities|Musculoskeletal Abnormalities|Craniofacial Abnormalities|Silver-Russell Syndrome|"",""|Diseases|Musculoskeletal Diseases|Musculoskeletal Abnormalities|Craniofacial Abnormalities|Silver-Russell Syndrome|""]"
TAY-SACHS DISEASE,Tay-Sachs Disease,D013661,0,120310,"[""|Diseases|Nutritional and Metabolic Diseases|Metabolic Diseases|Lipid Metabolism Disorders|Lipidoses|Sphingolipidoses|Gangliosidoses|Gangliosidoses, GM2|Tay-Sachs Disease|"",""|Diseases|Nutritional and Metabolic Diseases|Metabolic Diseases|Lipid Metabolism Disorders|Lipid Metabolism, Inborn Errors|Lipidoses|Sphingolipidoses|Gangliosidoses|Gangliosidoses, GM2|Tay-Sachs Disease|"",""|Diseases|Congenital, Hereditary, and Neonatal Diseases and Abnormalities|Genetic Diseases, Inborn|Metabolism, Inborn Errors|Lipid Metabolism, Inborn Errors|Lipidoses|Sphingolipidoses|Gangliosidoses|Gangliosidoses, GM2|Tay-Sachs Disease|"",""|Diseases|Nutritional and Metabolic Diseases|Metabolic Diseases|Metabolism, Inborn Errors|Lipid Metabolism, Inborn Errors|Lipidoses|Sphingolipidoses|Gangliosidoses|Gangliosidoses, GM2|Tay-Sachs Disease|"",""|Diseases|Nervous System Diseases|Central Nervous System Diseases|Brain Diseases|Brain Diseases, Metabolic|Brain Diseases, Metabolic, Inborn|Lysosomal Storage Diseases, Nervous System|Sphingolipidoses|Gangliosidoses|Gangliosidoses, GM2|Tay-Sachs Disease|"",""|Diseases|Nutritional and Metabolic Diseases|Metabolic Diseases|Brain Diseases, Metabolic|Brain Diseases, Metabolic, Inborn|Lysosomal Storage Diseases, Nervous System|Sphingolipidoses|Gangliosidoses|Gangliosidoses, GM2|Tay-Sachs Disease|"",""|Diseases|Congenital, Hereditary, and Neonatal Diseases and Abnormalities|Genetic Diseases, Inborn|Metabolism, Inborn Errors|Brain Diseases, Metabolic, Inborn|Lysosomal Storage Diseases, Nervous System|Sphingolipidoses|Gangliosidoses|Gangliosidoses, GM2|Tay-Sachs Disease|"",""|Diseases|Nutritional and Metabolic Diseases|Metabolic Diseases|Metabolism, Inborn Errors|Brain Diseases, Metabolic, Inborn|Lysosomal Storage Diseases, Nervous System|Sphingolipidoses|Gangliosidoses|Gangliosidoses, GM2|Tay-Sachs Disease|"",""|Diseases|Congenital, Hereditary, and Neonatal Diseases and Abnormalities|Genetic Diseases, Inborn|Metabolism, Inborn Errors|Lysosomal Storage Diseases|Lysosomal Storage Diseases, Nervous System|Sphingolipidoses|Gangliosidoses|Gangliosidoses, GM2|Tay-Sachs Disease|"",""|Diseases|Nutritional and Metabolic Diseases|Metabolic Diseases|Metabolism, Inborn Errors|Lysosomal Storage Diseases|Lysosomal Storage Diseases, Nervous System|Sphingolipidoses|Gangliosidoses|Gangliosidoses, GM2|Tay-Sachs Disease|""]"
THALASSAEMIA,Thalassaemia,D013789,0,0,null
THROMBOPHILIA (FVL),Thrombophilia,D019851,0,120750,"[""|Diseases|Hemic and Lymphatic Diseases|Hematologic Diseases|Thrombophilia|""]"
TUBEROUS SCLEROSIS (TS) (TSC),Tuberous Sclerosis,D014402,0,118681,"[""|Diseases|Cancers|Hamartoma|Tuberous Sclerosis|""]"
TURNER SYNDROME,Turner Syndrome,D014424,0,119570,"[""|Diseases|Endocrine System Diseases|Gonadal Disorders|Sex Differentiation Disorders|Gonadal Dysgenesis|Turner Syndrome|"",""|Diseases|Congenital, Hereditary, and Neonatal Diseases and Abnormalities|Congenital Abnormalities|Urogenital Abnormalities|Sex Differentiation Disorders|Gonadal Dysgenesis|Turner Syndrome|"",""|Diseases|Female Urogenital Diseases and Pregnancy Complications|Female Urogenital Diseases|Urogenital Abnormalities|Sex Differentiation Disorders|Gonadal Dysgenesis|Turner Syndrome|"",""|Diseases|Male Urogenital Diseases|Urogenital Abnormalities|Sex Differentiation Disorders|Gonadal Dysgenesis|Turner Syndrome|"",""|Diseases|Congenital, Hereditary, and Neonatal Diseases and Abnormalities|Congenital Abnormalities|Chromosome Disorders|Sex Chromosome Disorders|Turner Syndrome|"",""|Diseases|Congenital, Hereditary, and Neonatal Diseases and Abnormalities|Genetic Diseases, Inborn|Chromosome Disorders|Sex Chromosome Disorders|Turner Syndrome|""]"
WILLIAMS SYNDROME,Williams Syndrome,D018980,0,106948,"[""|Psychiatry and Pscychology|Mental Disorders|Mental Disorders Diagnosed in Childhood|Mental Retardation|Williams Syndrome|""]"
WOLF HIRSCHHORN SYNDROME,Wolf-Hirschhorn Syndrome,D054877,0,121219,"[""|Diseases|Congenital, Hereditary, and Neonatal Diseases and Abnormalities|Congenital Abnormalities|Abnormalities, Multiple|Wolf-Hirschhorn Syndrome|"",""|Diseases|Congenital, Hereditary, and Neonatal Diseases and Abnormalities|Congenital Abnormalities|Chromosome Disorders|Wolf-Hirschhorn Syndrome|"",""|Diseases|Congenital, Hereditary, and Neonatal Diseases and Abnormalities|Genetic Diseases, Inborn|Chromosome Disorders|Wolf-Hirschhorn Syndrome|""]"
GENETIC CONDITIONS & RARE DISEASES (IN GENERAL),"Genetic Diseases, Inborn",D030342,0,118855,"[""|Diseases|Congenital, Hereditary, and Neonatal Diseases and Abnormalities|Genetic Diseases, Inborn|""]"
CHROMOSOME DISORDER,Chromosome Disorders,D025063,0,120302,"[""|Diseases|Congenital, Hereditary, and Neonatal Diseases and Abnormalities|Congenital Abnormalities|Chromosome Disorders|"",""|Diseases|Congenital, Hereditary, and Neonatal Diseases and Abnormalities|Genetic Diseases, Inborn|Chromosome Disorders|""]"
OVERVIEWS,Chromosome Disorders,D025063,0,120302,"[""|Diseases|Congenital, Hereditary, and Neonatal Diseases and Abnormalities|Congenital Abnormalities|Chromosome Disorders|"",""|Diseases|Congenital, Hereditary, and Neonatal Diseases and Abnormalities|Genetic Diseases, Inborn|Chromosome Disorders|""]"
CHROMOSOME 1,Chromosome 1,D002878,0,0,null
CHROMOSOME 2,Chromosome 2,D002889,0,0,null
CHROMOSOME 3,Chromosome 3,D002893,0,0,null
CHROMOSOME 4,Chromosome 4,D002894,0,0,null
CHROMOSOME 5,Chromosome 5,D002895,0,0,null
CHROMOSOME 6,Chromosome 6,D002896,0,0,null
CHROMOSOME 7,Chromosome 7,D002897,0,0,null
CHROMOSOME 8,Chromosome 8,D002898,0,0,null
CHROMOSOME 9,Chromosome 9,D002899,0,0,null
CHROMOSOME 10,Chromosome 10,D002879,0,0,null
CHROMOSOME 11,Chromosome 11,D002880,0,0,null
CHROMOSOME 12,Chromosome 12,D002881,0,0,null
CHROMOSOME 13,Chromosome 13,D002882,0,0,null
CHROMOSOME 14,Chromosome 14,D002883,0,0,null
CHROMOSOME 15,Chromosome 15,D002884,0,0,null
CHROMOSOME 16,Chromosome 16,D002885,0,0,null
CHROMOSOME 17,Chromosome 17,D002886,0,0,null
CHROMOSOME 18,Chromosome 18,D002887,0,0,null
CHROMOSOME 19,Chromosome 19,D002888,0,0,null
CHROMOSOME 20,Chromosome 20,D002890,0,0,null
CHROMOSOME 21,Chromosome 21,D002891,0,0,null
CHROMOSOME 22,Chromosome 22,D002892,0,0,null
CHROMOSOME X & Y,Sex Chromosome Disorders,D025064,0,119187,"[""|Diseases|Congenital, Hereditary, and Neonatal Diseases and Abnormalities|Congenital Abnormalities|Chromosome Disorders|Sex Chromosome Disorders|"",""|Diseases|Congenital, Hereditary, and Neonatal Diseases and Abnormalities|Genetic Diseases, Inborn|Chromosome Disorders|Sex Chromosome Disorders|""]"
"45,X (TURNER)",Turner Syndrome,D014424,0,119570,"[""|Diseases|Endocrine System Diseases|Gonadal Disorders|Sex Differentiation Disorders|Gonadal Dysgenesis|Turner Syndrome|"",""|Diseases|Congenital, Hereditary, and Neonatal Diseases and Abnormalities|Congenital Abnormalities|Urogenital Abnormalities|Sex Differentiation Disorders|Gonadal Dysgenesis|Turner Syndrome|"",""|Diseases|Female Urogenital Diseases and Pregnancy Complications|Female Urogenital Diseases|Urogenital Abnormalities|Sex Differentiation Disorders|Gonadal Dysgenesis|Turner Syndrome|"",""|Diseases|Male Urogenital Diseases|Urogenital Abnormalities|Sex Differentiation Disorders|Gonadal Dysgenesis|Turner Syndrome|"",""|Diseases|Congenital, Hereditary, and Neonatal Diseases and Abnormalities|Congenital Abnormalities|Chromosome Disorders|Sex Chromosome Disorders|Turner Syndrome|"",""|Diseases|Congenital, Hereditary, and Neonatal Diseases and Abnormalities|Genetic Diseases, Inborn|Chromosome Disorders|Sex Chromosome Disorders|Turner Syndrome|""]"
"45,X (TURNER)","45,X",,0,0,null
"47,XXX (TRIPLE X)","Gonadal Dysgenesis, Mixed",D006060,0,120866,"[""|Diseases|Endocrine System Diseases|Gonadal Disorders|Sex Differentiation Disorders|Gonadal Dysgenesis|Gonadal Dysgenesis, Mixed|"",""|Diseases|Congenital, Hereditary, and Neonatal Diseases and Abnormalities|Congenital Abnormalities|Urogenital Abnormalities|Sex Differentiation Disorders|Gonadal Dysgenesis|Gonadal Dysgenesis, Mixed|"",""|Diseases|Female Urogenital Diseases and Pregnancy Complications|Female Urogenital Diseases|Urogenital Abnormalities|Sex Differentiation Disorders|Gonadal Dysgenesis|Gonadal Dysgenesis, Mixed|"",""|Diseases|Male Urogenital Diseases|Urogenital Abnormalities|Sex Differentiation Disorders|Gonadal Dysgenesis|Gonadal Dysgenesis, Mixed|"",""|Diseases|Congenital, Hereditary, and Neonatal Diseases and Abnormalities|Congenital Abnormalities|Chromosome Disorders|Sex Chromosome Disorders|Gonadal Dysgenesis, Mixed|"",""|Diseases|Congenital, Hereditary, and Neonatal Diseases and Abnormalities|Genetic Diseases, Inborn|Chromosome Disorders|Sex Chromosome Disorders|Gonadal Dysgenesis, Mixed|""]"
"47,XXX (TRIPLE X)","47,XXX",,0,0,null
"47,XXY (KLINEFELTER)",Klinefelter Syndrome,D007713,0,119310,"[""|Diseases|Endocrine System Diseases|Gonadal Disorders|Hypogonadism|Klinefelter Syndrome|"",""|Diseases|Congenital, Hereditary, and Neonatal Diseases and Abnormalities|Congenital Abnormalities|Chromosome Disorders|Sex Chromosome Disorders|Klinefelter Syndrome|"",""|Diseases|Congenital, Hereditary, and Neonatal Diseases and Abnormalities|Genetic Diseases, Inborn|Chromosome Disorders|Sex Chromosome Disorders|Klinefelter Syndrome|"",""|Diseases|Endocrine System Diseases|Gonadal Disorders|Sex Differentiation Disorders|Klinefelter Syndrome|"",""|Diseases|Congenital, Hereditary, and Neonatal Diseases and Abnormalities|Congenital Abnormalities|Urogenital Abnormalities|Sex Differentiation Disorders|Klinefelter Syndrome|"",""|Diseases|Female Urogenital Diseases and Pregnancy Complications|Female Urogenital Diseases|Urogenital Abnormalities|Sex Differentiation Disorders|Klinefelter Syndrome|"",""|Diseases|Male Urogenital Diseases|Urogenital Abnormalities|Sex Differentiation Disorders|Klinefelter Syndrome|""]"
"47,XXY (KLINEFELTER)","47,XXY",,0,0,null
"47,XYY","Gonadal Dysgenesis, Mixed",D006060,0,120866,"[""|Diseases|Endocrine System Diseases|Gonadal Disorders|Sex Differentiation Disorders|Gonadal Dysgenesis|Gonadal Dysgenesis, Mixed|"",""|Diseases|Congenital, Hereditary, and Neonatal Diseases and Abnormalities|Congenital Abnormalities|Urogenital Abnormalities|Sex Differentiation Disorders|Gonadal Dysgenesis|Gonadal Dysgenesis, Mixed|"",""|Diseases|Female Urogenital Diseases and Pregnancy Complications|Female Urogenital Diseases|Urogenital Abnormalities|Sex Differentiation Disorders|Gonadal Dysgenesis|Gonadal Dysgenesis, Mixed|"",""|Diseases|Male Urogenital Diseases|Urogenital Abnormalities|Sex Differentiation Disorders|Gonadal Dysgenesis|Gonadal Dysgenesis, Mixed|"",""|Diseases|Congenital, Hereditary, and Neonatal Diseases and Abnormalities|Congenital Abnormalities|Chromosome Disorders|Sex Chromosome Disorders|Gonadal Dysgenesis, Mixed|"",""|Diseases|Congenital, Hereditary, and Neonatal Diseases and Abnormalities|Genetic Diseases, Inborn|Chromosome Disorders|Sex Chromosome Disorders|Gonadal Dysgenesis, Mixed|""]"
"47,XYY","47,XYY",,0,0,null
TRANSLOCATIONS,"Translocation, Genetic",D014178,0,119524,"[""|Diseases|Pathological Conditions, Signs and Symptoms|Pathologic Processes|Chromosome Aberrations|Translocation, Genetic|""]"
MOSAICISM/TRIPLOIDY/UPD,Mosaicism,D009030,0,120506,"[""|Diseases|Pathological Conditions, Signs and Symptoms|Pathologic Processes|Chromosome Aberrations|Mosaicism|""]"
MARKER CHROMOSOMES,Chromosome Markers,D005819,0,0,null
SYSTEMS & SYMPTOMS,Signs and systems,D012816,0,0,null
"BLOOD, RESPIRATORY & METABOLIC DISORDERS",Hemoglobinopathies,D006453,0,120142,"[""|Diseases|Congenital, Hereditary, and Neonatal Diseases and Abnormalities|Genetic Diseases, Inborn|Hemoglobinopathies|"",""|Diseases|Hemic and Lymphatic Diseases|Hematologic Diseases|Hemoglobinopathies|""]"
EATING DISORDERS,Eating disorders,D001068,0,0,null
FAMILY HISTORY OF CANCER,Family history of cancer,,0,0,null
"FITS, SEIZURES, CNS DISORDERS & PHYSICAL DISABILITY",Nervous System Diseases,D009422,0,120279,"[""|Diseases|Nervous System Diseases|""]"
HEARING LOSS / SPEECH DISORDERS,Hearing disorders,D006311,0,0,null
HEARING LOSS / SPEECH DISORDERS,Articulation Disorders,D001184,0,107039,"[""|Psychiatry and Pscychology|Mental Disorders|Mental Disorders Diagnosed in Childhood|Communication Disorders|Language Disorders|Speech Disorders|Articulation Disorders|""]"
"HEART (CARDIO), KIDNEY (RENAL), LIVER & GASTRO DISORDERS",Heart Diseases,D006331,0,120227,"[""|Diseases|Cardiovascular Diseases|Heart Diseases|""]"
"HEART (CARDIO), KIDNEY (RENAL), LIVER & GASTRO DISORDERS",Digestive System Diseases,D004066,0,120324,"[""|Diseases|Digestive System Diseases|""]"
INFERTILITY OR MISCARRIAGE,Infertility,D007246,0,120819,"[""|Diseases|Female Urogenital Diseases and Pregnancy Complications|Female Urogenital Diseases|Genital Diseases, Female|Infertility|"",""|Diseases|Male Urogenital Diseases|Genital Diseases, Male|Infertility|""]"
INFERTILITY OR MISCARRIAGE,"Abortion, Spontaneous",D000022,0,118849,"[""|Diseases|Female Urogenital Diseases and Pregnancy Complications|Pregnancy Complications|Abortion, Spontaneous|""]"
"LEARNING DISABILITY, MENTAL RETARDATION & DEMENTIA",Learning Disorders,D007859,0,0,null
"LEARNING DISABILITY, MENTAL RETARDATION & DEMENTIA",Mental Retardation,D008607,0,106941,"[""|Psychiatry and Pscychology|Mental Disorders|Mental Disorders Diagnosed in Childhood|Mental Retardation|""]"
"LEARNING DISABILITY, MENTAL RETARDATION & DEMENTIA",Dementia,D003704,0,0,null
MULTISYSTEMIC SYMPTOMS,"Abnormalities, Multiple",D000015,0,118815,"[""|Diseases|Congenital, Hereditary, and Neonatal Diseases and Abnormalities|Congenital Abnormalities|Abnormalities, Multiple|""]"
SHORT STATURE / TALL STATURE,Dwarfism,D004392,0,118819,"[""|Diseases|Musculoskeletal Diseases|Bone Diseases|Bone Diseases, Developmental|Dwarfism|"",""|Diseases|Endocrine System Diseases|Dwarfism|"",""|Diseases|Congenital, Hereditary, and Neonatal Diseases and Abnormalities|Genetic Diseases, Inborn|Dwarfism|""]"
SHORT STATURE / TALL STATURE,Body Height,D001827,0,113560,"[""|Analytical, Diagnostic and Therapeutic Techniques and Equipment|Diagnosis|Diagnostic Techniques and Procedures|Physical Examination|Body Constitution|Body Weights and Measures|Body Size|Body Height|"",""|Analytical, Diagnostic and Therapeutic Techniques and Equipment|Investigative Techniques|Body Weights and Measures|Body Size|Body Height|""]"
SKIN & BONE DISORDERS,Skin and Connective Tissue Diseases,D017437,0,120575,"[""|Diseases|Skin and Connective Tissue Diseases|""]"
SKIN & BONE DISORDERS,Bone Diseases,D001847,0,120363,"[""|Diseases|Musculoskeletal Diseases|Bone Diseases|""]"
UNUSUAL APPEARANCE (DYSMORPHOLOGY),Facial Asymmetry,D005146,0,120705,"[""|Diseases|Pathological Conditions, Signs and Symptoms|Pathological Conditions, Anatomical|Facial Asymmetry|""]"
UNUSUAL APPEARANCE (DYSMORPHOLOGY),Craniofacial Abnormalities,D019465,0,120545,"[""|Diseases|Congenital, Hereditary, and Neonatal Diseases and Abnormalities|Congenital Abnormalities|Musculoskeletal Abnormalities|Craniofacial Abnormalities|"",""|Diseases|Musculoskeletal Diseases|Musculoskeletal Abnormalities|Craniofacial Abnormalities|""]"
VISION LOSS / EYE DISORDERS,"Eye Diseases, Hereditary",D015785,0,121797,"[""|Diseases|Eye Diseases|Eye Diseases, Hereditary|""]"
WEAKNESS & WASTING (NEUROMUSCULAR DISORDERS),Muscle Weakness,D018908,0,120262,"[""|Diseases|Musculoskeletal Diseases|Muscular Diseases|Muscle Weakness|"",""|Diseases|Nervous System Diseases|Neuromuscular Diseases|Muscular Diseases|Muscle Weakness|"",""|Diseases|Nervous System Diseases|Neurologic Manifestations|Neuromuscular Manifestations|Muscle Weakness|"",""|Diseases|Pathological Conditions, Signs and Symptoms|Signs and Symptoms|Neurologic Manifestations|Neuromuscular Manifestations|Muscle Weakness|"",""|Diseases|Pathological Conditions, Signs and Symptoms|Pathologic Processes|Muscle Weakness|""]"
PREGNANCY & REPRODUCTION ISSUES (GENERAL),Pregnancy,D011247,0,122750,"[""|Natural Science, Anatomy and Organisms|Natural Sciences|Biological Sciences|Reproductive and Urinary Physiology|Reproduction|Pregnancy|""]"
PREGNANCY & REPRODUCTION ISSUES (GENERAL),Pregnancy Complications,D011248,0,118897,"[""|Diseases|Female Urogenital Diseases and Pregnancy Complications|Pregnancy Complications|""]"
GENETIC SCREENING (FOR CONDITIONS),Genetic Screening,D005820,0,0,null
GENETIC TESTS FOR DIAGNOSIS,Genetic Testing,D005820,0,0,null
"GENETIC TESTING (INCLUDING EVALUATION, VALIDITY & REGULATION)",Genetic Testing,D005820,0,0,null
SEQUENCING / IMPRINTING / CYTOGENETICS / GENOMIC HYBRIDIZATION (ACGH),Oligonucleotide Array Sequence Analysis,D020411,0,0,null
SEQUENCING / IMPRINTING / CYTOGENETICS / GENOMIC HYBRIDIZATION (ACGH),Genomic Imprinting,D018392,0,123254,"[""|Natural Science, Anatomy and Organisms|Natural Sciences|Biological Sciences|Genetic Processes|Gene Expression Regulation|Epigenesis, Genetic|Genomic Imprinting|""]"
SEQUENCING / IMPRINTING / CYTOGENETICS / GENOMIC HYBRIDIZATION (ACGH),Cytogenetics,D003582,0,0,null
SEQUENCING / IMPRINTING / CYTOGENETICS / GENOMIC HYBRIDIZATION (ACGH),Comparative Genomic Hybridization,D055028,0,0,null
MICROARRAYS,Microarrays,,0,0,null
GENETIC COUNSELLING (INC RISK COMMUNICATION),Genetic Counselling,D005817,0,0,null
FAMILY HISTORY & CONSANGUINITY,Consanguinity,D003241,0,113766,"[""|Analytical, Diagnostic and Therapeutic Techniques and Equipment|Investigative Techniques|Reproductive Techniques|Breeding|Inbreeding|Consanguinity|"",""|Analytical, Diagnostic and Therapeutic Techniques and Equipment|Therapeutics|Reproductive Techniques|Breeding|Inbreeding|Consanguinity|""]"
GENETICS IN PRIMARY CARE,Primary Health Care,D011320,0,112359,"[""|Health Care|Health Services Administration|Patient Care Management|Comprehensive Health Care|Primary Health Care|""]"
GENETICS AND NURSING,Nursing,D009729,0,109648,"[""|Health Services And Their Management|Healthcare And Health Services|Nursing|""]"
GENETIC SERVICES AND CENTRES,Genetic Services,D033142,0,0,null
GENETICS AND PUBLIC HEALTH (INC POLICY & HEALTH ECONOMICS),Public Health,D011634,0,110144,"[""|Health, Public Health, Health Promotion|Public Health|""]"
"ETHICS, LAW & SOCIETY",Ethics,D004989,0,107989,"[""|Determinants Of Health|Social Determinant|Socioeconomic Factor|Social Factor|Ethics|""]"
GENOMICS AND GWAS,Genomics,D023281,0,0,null
GENOMICS AND GWAS,Genome-Wide Association Study,D055106,0,0,null
PHARMACOGENETICS (PGX),Pharmacogenetics,D010597,0,0,null
GENOTYPING/SEQUENCING,Genotyping/Sequencing,,0,0,null
GENE THERAPY,Gene therapy,D015316,0,0,null
GENETICS - BASIC TOPICS,Genetics,D005823,0,108176,"[""|Determinants Of Health|Biological Composition|Genetics|""]"
HELP ME UNDERSTAND GENETICS HANDBOOK,Chromosomes,D002875,0,110437,"[""|Natural Science, Anatomy and Organisms|Anatomy|Cells|Cellular Structures|Chromosomes|"",""|Natural Science, Anatomy and Organisms|Anatomy|Cells|Cellular Structures|Intracellular Space|Cell Nucleus|Cell Nucleus Structures|Intranuclear Space|Chromosomes|"",""|Natural Science, Anatomy and Organisms|Anatomy|Cells|Cellular Structures|Intracellular Space|Cytoplasm|Cytoplasmic Structures|Organelles|Cell Nucleus|Cell Nucleus Structures|Intranuclear Space|Chromosomes|""]"
CHROMOSOMES,Chromosomes,D002875,0,110437,"[""|Natural Science, Anatomy and Organisms|Anatomy|Cells|Cellular Structures|Chromosomes|"",""|Natural Science, Anatomy and Organisms|Anatomy|Cells|Cellular Structures|Intracellular Space|Cell Nucleus|Cell Nucleus Structures|Intranuclear Space|Chromosomes|"",""|Natural Science, Anatomy and Organisms|Anatomy|Cells|Cellular Structures|Intracellular Space|Cytoplasm|Cytoplasmic Structures|Organelles|Cell Nucleus|Cell Nucleus Structures|Intranuclear Space|Chromosomes|""]"
CLONING & STEM CELL RESEARCH,Cloning,D019976,0,0,null
CLONING & STEM CELL RESEARCH,Stem cells,D013234,0,0,null
"GENES, DNA, GENOME & GENOMICS",Genes,D005796,0,123648,"[""|Natural Science, Anatomy and Organisms|Natural Sciences|Biological Sciences|Genetic Structures|Genome|Genome Components|Genes|""]"
"GENES, DNA, GENOME & GENOMICS",DNA,D004247,0,0,null
"GENES, DNA, GENOME & GENOMICS",Genome,D016678,0,122682,"[""|Natural Science, Anatomy and Organisms|Natural Sciences|Biological Sciences|Genetic Structures|Genome|""]"
"GENES, DNA, GENOME & GENOMICS",Genomics,D023281,0,0,null
GENETIC RISK AND PREVALENCE,Genetic Risk and Prevalence,,0,0,null
INHERITANCE PATTERNS,Inheritance Patterns,D040582,0,122492,"[""|Natural Science, Anatomy and Organisms|Natural Sciences|Biological Sciences|Genetic Phenomena|Inheritance Patterns|""]"
MULTIFACTORIAL INHERITANCE,Multifactorial Inheritance,D020412,0,123201,"[""|Natural Science, Anatomy and Organisms|Natural Sciences|Biological Sciences|Genetic Phenomena|Inheritance Patterns|Multifactorial Inheritance|""]"
