Tools and Techniques,Tools and Techniques,,0,0,null
Lean/Six sigma/5S,Lean/Six sigma/5S,,0,0,null
Value stream mapping,Value stream mapping,,0,0,null
Process mapping,Process mapping,,0,0,null
Rapid improvement event/Deep dive technique,Rapid improvement event/Deep dive technique,,0,0,null
Capacity and Demand,Capacity and Demand,,0,0,null
Flow,Flow,,0,0,null
PDSA cycles,PDSA cycles,,0,0,null
Theory of Constraints,Theory of Constraints,,0,0,null
Pathway mapping,Pathway mapping,,0,0,null
Reliability,Reliability,,0,0,null
Statistical process control,Statistical process control,,0,0,null
Evaluation,Health care evaluation mechanisms,D017531,0,0,null
Developing measures,Developing measures,,0,0,null
Outcomes,Outcomes assessment (health care),D017063,0,0,null
Performance indicators,"Quality indicators, health care",D019984,0,0,null
Economic,Costs and cost analysis,D003365,0,0,null
Social indicators,Socioeconomic factors,D012959,0,0,null
Systems Thinking,Systems Thinking,,0,0,null
Complex adaptive systems,Complex adaptive systems,,0,0,null
Complexity theory,Complexity theory,,0,0,null
Whole systems thinking,Whole systems thinking,,0,0,null
Diversity,Cultural diversity,D018864,0,0,null
Clinical Systems Improvement,Clinical Systems Improvement,,0,0,null
Change Management,Change Management,,0,0,null
Teambuilding,Teambuilding,,0,0,null
Managing resistance,Managing resistance,,0,0,null
Leading improvement,Leading improvement,,0,0,null
Incentives,Incentives,D009042,0,0,null
Transformational change,Transformational change,,0,0,null
Engagement,Engagement,,0,0,null
Clinician engagement,Clinician engagement,,0,0,null
Patient and Public Involvement,Patient and Public Involvement,,0,0,null
User journeys,User journeys,,0,0,null
Experienced-based design,Experienced-based design,,0,0,null
User narratives,User narratives,,0,0,null
User satisfaction,User satisfaction,,0,0,null
User choice,User choice,,0,0,null
Co-production,Co-production,,0,0,null
Personalisation,Personalisation,,0,0,null
Expert patient,Expert patient,,0,0,null
Organisations,Organisations,,0,0,null
Learning organisations,Learning organisations,,0,0,null
Social movement,Social movement,,0,0,null
Organisational development,Organisational development,,0,0,null
Workforce,Workforce,Q000364,0,0,null
Interprofessional learning,Interprofessional learning,,0,0,null
Role redesign,Role redesign,,0,0,null
Service redesign,Service redesign,,0,0,null
Adaptive organisations,Adaptive organisations,,0,0,null
Organisational culture,Organizational culture,D015279,0,0,null
Adoption and Spread,Diffusion of innovation,D004059,0,0,null
Innovation,Innovation,,0,0,null
Creative thinking,Creativeness,D003405,0,106659,"[""|Psychiatry and Pscychology|Behavior and Behavior Mechanisms|Personality|Creativeness|"",""|Psychiatry and Pscychology|Psychological Phenomena and Processes|Mental Processes|Thinking|Creativeness|""]"
Technology,Technology,D013672,0,0,null
Safer care,Safer care,,0,0,null
