DISORDERS,Skin Diseases,D012871,0,293837,"[""|Diseases|Skin and Connective Tissue Diseases|Skin Diseases|""]"
GENERAL SKIN DISEASE,Skin Diseases,D012871,0,293837,"[""|Diseases|Skin and Connective Tissue Diseases|Skin Diseases|""]"
"ACNE, ROSACEA & RELATED",Acneiform Eruptions,D017486,0,293650,"[""|Diseases|Skin and Connective Tissue Diseases|Skin Diseases|Facial Dermatoses|Acneiform Eruptions|"",""|Diseases|Skin and Connective Tissue Diseases|Skin Diseases|Acneiform Eruptions|""]"
"ACNE, ROSACEA & RELATED",Rosacea,D012393,0,295805,"[""|Diseases|Skin and Connective Tissue Diseases|Skin Diseases|Rosacea|""]"
ACNE VULGARIS,Acne Vulgaris,D000152,0,293649,"[""|Diseases|Skin and Connective Tissue Diseases|Skin Diseases|Facial Dermatoses|Acneiform Eruptions|Acne Vulgaris|"",""|Diseases|Skin and Connective Tissue Diseases|Skin Diseases|Acneiform Eruptions|Acne Vulgaris|"",""|Diseases|Skin and Connective Tissue Diseases|Skin Diseases|Sebaceous Gland Diseases|Acne Vulgaris|""]"
ACNE IN YOUNG CHILDREN,Acne Vulgaris,D000152,0,293649,"[""|Diseases|Skin and Connective Tissue Diseases|Skin Diseases|Facial Dermatoses|Acneiform Eruptions|Acne Vulgaris|"",""|Diseases|Skin and Connective Tissue Diseases|Skin Diseases|Acneiform Eruptions|Acne Vulgaris|"",""|Diseases|Skin and Connective Tissue Diseases|Skin Diseases|Sebaceous Gland Diseases|Acne Vulgaris|""]"
ACNE IN YOUNG CHILDREN,Children,D002648,0,0,null
ACNE OF EXTERNAL ORIGIN,Acne of external origin,,0,0,null
GRAM NEGATIVE FOLLICULITIS,Gram negative folliculitis,,0,0,null
ACNE SCARRING,Acne Vulgaris,D000152,0,293649,"[""|Diseases|Skin and Connective Tissue Diseases|Skin Diseases|Facial Dermatoses|Acneiform Eruptions|Acne Vulgaris|"",""|Diseases|Skin and Connective Tissue Diseases|Skin Diseases|Acneiform Eruptions|Acne Vulgaris|"",""|Diseases|Skin and Connective Tissue Diseases|Skin Diseases|Sebaceous Gland Diseases|Acne Vulgaris|""]"
ACNE SCARRING,Scarring,D002921,0,0,null
ACNEIFORM REACTIONS DUE TO DRUGS & POISONS,Drug Eruptions,D003875,0,295061,"[""|Diseases|Skin and Connective Tissue Diseases|Skin Diseases|Dermatitis|Drug Eruptions|"",""|Diseases|Immune System Diseases|Allergies|Drug Hypersensitivity|Drug Eruptions|"",""|Diseases|Disorders of Environmental Origin|Poisoning|Drug Toxicity|Drug Eruptions|""]"
ACNEIFORM ERUPTIONS - MISCELLANEOUS,Acneiform Eruptions,D017486,0,293650,"[""|Diseases|Skin and Connective Tissue Diseases|Skin Diseases|Facial Dermatoses|Acneiform Eruptions|"",""|Diseases|Skin and Connective Tissue Diseases|Skin Diseases|Acneiform Eruptions|""]"
ROSACEA,Rosacea,D012393,0,295805,"[""|Diseases|Skin and Connective Tissue Diseases|Skin Diseases|Rosacea|""]"
RHINOPHYMA (RED NOSE),Rhinophyma,D012224,0,295804,"[""|Diseases|Skin and Connective Tissue Diseases|Skin Diseases|Rosacea|Rhinophyma|"",""|Diseases|Skin and Connective Tissue Diseases|Skin Diseases|Sebaceous Gland Diseases|Rhinophyma|""]"
PERIORAL DERMATITIS,Perioral Dermatitis,D019557,0,0,null
SEBORRHOEA (GREASY SKIN),Seborrhoea (greasy skin),,0,0,null
OTHER SEBACEOUS GLAND DISORDERS,Sebaceous Glands,D012627,0,0,null
HIDRADENITIS SUPPURATIVA (ACNE INVERSA),Hidradenitis Suppurativa,D017497,0,296299,"[""|Diseases|Skin and Connective Tissue Diseases|Skin Diseases|Sweat Gland Diseases|Hidradenitis|Hidradenitis Suppurativa|"",""|Diseases|Bacterial Infections and Mycoses|Bacterial Infections|Skin Diseases, Bacterial|Hidradenitis Suppurativa|"",""|Diseases|Bacterial Infections and Mycoses|Infection|Skin Diseases, Infectious|Skin Diseases, Bacterial|Hidradenitis Suppurativa|"",""|Diseases|Skin and Connective Tissue Diseases|Skin Diseases|Skin Diseases, Infectious|Skin Diseases, Bacterial|Hidradenitis Suppurativa|"",""|Diseases|Bacterial Infections and Mycoses|Infection|Suppuration|Hidradenitis Suppurativa|"",""|Diseases|Pathological Conditions, Signs and Symptoms|Pathologic Processes|Inflammation|Suppuration|Hidradenitis Suppurativa|""]"
POLYPS & PAPILLOMAS,Polyps,D011127,0,293006,"[""|Diseases|Pathological Conditions, Signs and Symptoms|Pathological Conditions, Anatomical|Polyps|""]"
POLYPS & PAPILLOMAS,Papilloma,D011127,0,295633,"[""|Diseases|Cancers|Cancers by Histologic Type|Cancers, Glandular and Epithelial|Cancers, Squamous Cell|Papilloma|""]"
MOLES (MELANOCYTIC NAEVI),"Nevus, Pigmented",D009508,0,295539,"[""|Diseases|Cancers|Cancers by Histologic Type|Nevi and Melanomas|Nevus|Nevus, Pigmented|""]"
OTHER BENIGN TUMOURS,Benign tumours,,0,0,null
SKIN CYSTS,Cysts,D003560,0,294138,"[""|Diseases|Cancers|Cysts|"",""|Diseases|Pathological Conditions, Signs and Symptoms|Pathological Conditions, Anatomical|Cysts|""]"
SKIN CYSTS,Skin,D012867,0,0,null
EPIDERMAL NAEVI,Epidermal naevi,,0,0,null
PORT-WINE STAINS & ASSOCIATED SYNDROMES,Port-Wine Stain,D019339,0,292443,"[""|Diseases|Congenital, Hereditary, and Neonatal Diseases and Abnormalities|Congenital Abnormalities|Skin Abnormalities|Port-Wine Stain|"",""|Diseases|Skin and Connective Tissue Diseases|Skin Diseases|Skin Abnormalities|Port-Wine Stain|""]"
OTHER VASCULAR BIRTHMARKS & MALFORMATIONS,Vascular birthmarks & malformations,,0,0,null
OTHER NAEVI & CONGENITAL MALFORMATIONS,Naevi & congenital malformations,D009506,0,0,null
DISFIGUREMENTS,Disfigurements,,0,0,null
CONNECTIVE TISSUE,Connective Tissue Diseases,D003240,0,294283,"[""|Diseases|Skin and Connective Tissue Diseases|Connective Tissue Diseases|""]"
LUPUS ERYTHEMATOSUS,"Lupus Erythematosus, Cutaneous",D008178,0,293131,"[""|Diseases|Skin and Connective Tissue Diseases|Connective Tissue Diseases|Lupus Erythematosus, Cutaneous|"",""|Diseases|Skin and Connective Tissue Diseases|Skin Diseases|Lupus Erythematosus, Cutaneous|""]"
SYSTEMIC SCLEROSIS & SCLERODERMA #1,"Scleroderma, Localized",D012594,0,295853,"[""|Diseases|Skin and Connective Tissue Diseases|Connective Tissue Diseases|Scleroderma, Localized|"",""|Diseases|Skin and Connective Tissue Diseases|Skin Diseases|Scleroderma, Localized|""]"
SYSTEMIC SCLEROSIS & SCLERODERMA #2,"Scleroderma, Systemic",D012595,0,295854,"[""|Diseases|Skin and Connective Tissue Diseases|Connective Tissue Diseases|Scleroderma, Systemic|"",""|Diseases|Skin and Connective Tissue Diseases|Skin Diseases|Scleroderma, Systemic|""]"
MORPHOEA & RELATED,"Scleroderma, Localized",D012594,0,295853,"[""|Diseases|Skin and Connective Tissue Diseases|Connective Tissue Diseases|Scleroderma, Localized|"",""|Diseases|Skin and Connective Tissue Diseases|Skin Diseases|Scleroderma, Localized|""]"
SCLEREDEMA,Scleredema,,0,0,null
LICHEN SCLEROSUS,Lichen Sclerosus et Atrophicus,D018459,0,296465,"[""|Diseases|Skin and Connective Tissue Diseases|Skin Diseases|Skin Diseases, Papulosquamous|Lichenoid Eruptions|Lichen Sclerosus et Atrophicus|""]"
DERMATOMYOSITIS,Dermatomyositis,D003882,0,295067,"[""|Diseases|Skin and Connective Tissue Diseases|Connective Tissue Diseases|Dermatomyositis|"",""|Diseases|Musculoskeletal Diseases|Muscular Diseases|Myositis|Dermatomyositis|"",""|Diseases|Nervous System Diseases|Neuromuscular Diseases|Muscular Diseases|Myositis|Dermatomyositis|"",""|Diseases|Musculoskeletal Diseases|Muscular Diseases|Myositis|Polymyositis|Dermatomyositis|"",""|Diseases|Nervous System Diseases|Neuromuscular Diseases|Muscular Diseases|Myositis|Polymyositis|Dermatomyositis|"",""|Diseases|Skin and Connective Tissue Diseases|Skin Diseases|Dermatomyositis|""]"
RHEUMATOID DISEASE,Rheumatoid disease,,0,0,null
STILL'S DISEASE (JUVENILE IDIOPATHIC ARTHRITIS),"Still's Disease, Juvenile-Onset",D001171,0,0,null
SJÖGREN SYNDROME,Sjogren's Syndrome,D012859,0,295898,"[""|Diseases|Eye Diseases|Lacrimal Apparatus Diseases|Dry Eye Syndromes|Sjogren's Syndrome|"",""|Diseases|Musculoskeletal Diseases|Joint Diseases|Arthritis|Rheumatoid Arthritis|Sjogren's Syndrome|"",""|Diseases|Immune System Diseases|Autoimmune Diseases|Rheumatoid Arthritis|Sjogren's Syndrome|"",""|Diseases|Skin and Connective Tissue Diseases|Connective Tissue Diseases|Rheumatic Diseases|Rheumatoid Arthritis|Sjogren's Syndrome|"",""|Diseases|Musculoskeletal Diseases|Rheumatic Diseases|Rheumatoid Arthritis|Sjogren's Syndrome|"",""|Diseases|Stomatognathic Diseases|Mouth Diseases|Salivary Gland Diseases|Xerostomia|Sjogren's Syndrome|""]"
MIXED CONNECTIVE TISSUE DISEASE,Mixed Connective Tissue Disease,D008947,0,293223,"[""|Diseases|Skin and Connective Tissue Diseases|Connective Tissue Diseases|Mixed Connective Tissue Disease|""]"
CUTANEOUS ATROPHY (THINNING),Cutaneous atrophy (thinning),,0,0,null
CUTANEOUS STRIAE (STRETCH MARKS),Cutaneous striae (stretch marks),,0,0,null
DISORDERS OF ELASTIC FIBRES,Elastic Fibers,D004547,0,0,null
DEGENERATIVE DISORDERS OF DERMIS,Dermis,D020405,0,0,null
FIBROMATOSES & KELOIDS,Keloid,D007627,0,293653,"[""|Diseases|Skin and Connective Tissue Diseases|Skin Diseases|Cicatrix|Keloid|"",""|Diseases|Skin and Connective Tissue Diseases|Connective Tissue Diseases|Collagen Diseases|Keloid|""]"
FIBROMATOSES & KELOIDS ,Fibroma,D005350,0,295314,"[""|Diseases|Cancers|Cancers by Histologic Type|Cancers, Connective and Soft Tissue|Cancers, Connective Tissue|Cancers, Fibrous Tissue|Fibroma|"",""|Diseases|Skin and Connective Tissue Diseases|Connective Tissue Diseases|Cancers, Connective Tissue|Cancers, Fibrous Tissue|Fibroma|""]"
SUBCUTANEOUS FAT DISORDERS,Subcutaneous fat disorders,,0,0,null
DRUG ERUPTIONS & REACTIONS,Drug Eruptions,D003875,0,295061,"[""|Diseases|Skin and Connective Tissue Diseases|Skin Diseases|Dermatitis|Drug Eruptions|"",""|Diseases|Immune System Diseases|Allergies|Drug Hypersensitivity|Drug Eruptions|"",""|Diseases|Disorders of Environmental Origin|Poisoning|Drug Toxicity|Drug Eruptions|""]"
COMPLICATIONS OF SURGERY & LASERS,Surgery,D013502,0,109857,"[""|Health Services And Their Management|Healthcare And Health Services|Medical Treatment|Surgery|""]"
COMPLICATIONS OF SURGERY & LASERS,complications,Q000150,0,0,null
COMPLICATIONS OF PHOTOTHERAPY,Phototherapy,D010789,0,114141,"[""|Analytical, Diagnostic and Therapeutic Techniques and Equipment|Therapeutics|Phototherapy|""]"
COMPLICATIONS OF PHOTOTHERAPY,complications,Q000150,0,0,null
COMPLICATIONS OF RADIOTHERAPY,Radiotherapy,D011878,0,113584,"[""|Analytical, Diagnostic and Therapeutic Techniques and Equipment|Therapeutics|Radiotherapy|""]"
COMPLICATIONS OF RADIOTHERAPY,complications,Q000150,0,0,null
DRUG ABUSE,Substance-Related Disorders,D019966,0,107072,"[""|Psychiatry and Pscychology|Mental Disorders|Substance-Related Disorders|""]"
DRUG ABUSE,Skin Diseases,D012871,0,293837,"[""|Diseases|Skin and Connective Tissue Diseases|Skin Diseases|""]"
ECZEMA & DERMATITIS ,Dermatitis,D003872,0,293437,"[""|Diseases|Skin and Connective Tissue Diseases|Skin Diseases|Dermatitis|""]"
ECZEMA & DERMATITIS ,Eczematous Disorders,D017443,0,0,null
ATOPIC ECZEMA,"Dermatitis, Atopic ",D003876,0,295064,"[""|Diseases|Skin and Connective Tissue Diseases|Skin Diseases|Dermatitis|Dermatitis, Atopic|"",""|Diseases|Immune System Diseases|Allergies|Hypersensitivity, Immediate|Dermatitis, Atopic|"",""|Diseases|Skin and Connective Tissue Diseases|Skin Diseases|Skin Diseases, Eczematous|Dermatitis, Atopic|"",""|Diseases|Congenital, Hereditary, and Neonatal Diseases and Abnormalities|Genetic Diseases, Inborn|Skin Diseases, Genetic|Dermatitis, Atopic|"",""|Diseases|Skin and Connective Tissue Diseases|Skin Diseases|Skin Diseases, Genetic|Dermatitis, Atopic|""]"
ECZEMA IN INFANTS,"Dermatitis, Atopic",D003876,0,295064,"[""|Diseases|Skin and Connective Tissue Diseases|Skin Diseases|Dermatitis|Dermatitis, Atopic|"",""|Diseases|Immune System Diseases|Allergies|Hypersensitivity, Immediate|Dermatitis, Atopic|"",""|Diseases|Skin and Connective Tissue Diseases|Skin Diseases|Skin Diseases, Eczematous|Dermatitis, Atopic|"",""|Diseases|Congenital, Hereditary, and Neonatal Diseases and Abnormalities|Genetic Diseases, Inborn|Skin Diseases, Genetic|Dermatitis, Atopic|"",""|Diseases|Skin and Connective Tissue Diseases|Skin Diseases|Skin Diseases, Genetic|Dermatitis, Atopic|""]"
ECZEMA IN INFANTS,Infant,D007223,0,107575,"[""|People And Populations|Group|Age Group|Child|Infant|""]"
SEBORRHOEIC DERMATITIS,Seborrheic Dermatitis,D012628,0,0,null
NAPPY RASH (NAPKIN DERMATITIS),Nappy rash,,0,0,null
DISCOID ECZEMA (NUMMULAR DERMATITIS),Discoid eczema (nummular dermatitis),,0,0,null
HAND & FOOT ECZEMA,Hand & foot eczema,,0,0,null
LICHEN SIMPLEX & PRURIGO,Lichen Simplex Chronicus,D009450,0,0,null
CONTACT DERMATITIS,Contact Dermatitis,D003877,0,0,null
CONTACT DERMATITIS - GENERAL,Contact Dermatitis,D003877,0,0,null
ALLERGIC CONTACT DERMATITIS,Allergic Contact Dermatitis,D017449,0,0,null
IRRITANT CONTACT DERMATITIS,"Dermatitis, Irritant",D017453,0,295092,"[""|Diseases|Skin and Connective Tissue Diseases|Skin Diseases|Dermatitis|Dermatitis, Contact|Dermatitis, Irritant|"",""|Diseases|Skin and Connective Tissue Diseases|Skin Diseases|Skin Diseases, Eczematous|Dermatitis, Contact|Dermatitis, Irritant|""]"
VENOUS ECZEMA,Venous eczema,,0,0,null
OTHER ECZAMATOUS DISORDERS,Eczematous Disorders,D017443,0,0,null
OCCUPATIONAL DERMATITIS,Occupational Dermatitis,D009783,0,0,null
GENETIC & CHROMOSOMAL,"Skin Diseases, Genetic",D012873,0,293520,"[""|Diseases|Congenital, Hereditary, and Neonatal Diseases and Abnormalities|Genetic Diseases, Inborn|Skin Diseases, Genetic|"",""|Diseases|Skin and Connective Tissue Diseases|Skin Diseases|Skin Diseases, Genetic|""]"
INHERITED DISORDERS IN GENERAL,"Skin Diseases, Genetic",D012873,0,293520,"[""|Diseases|Congenital, Hereditary, and Neonatal Diseases and Abnormalities|Genetic Diseases, Inborn|Skin Diseases, Genetic|"",""|Diseases|Skin and Connective Tissue Diseases|Skin Diseases|Skin Diseases, Genetic|""]"
CHROMOSOMAL DISORDERS,Chromosome Disorders,D025063,0,294053,"[""|Diseases|Congenital, Hereditary, and Neonatal Diseases and Abnormalities|Congenital Abnormalities|Chromosome Disorders|"",""|Diseases|Congenital, Hereditary, and Neonatal Diseases and Abnormalities|Genetic Diseases, Inborn|Chromosome Disorders|""]"
ECTODERMAL SYNDROMES,Ectodermal Dysplasia,D004476,0,295216,"[""|Diseases|Congenital, Hereditary, and Neonatal Diseases and Abnormalities|Congenital Abnormalities|Abnormalities, Multiple|Ectodermal Dysplasia|"",""|Diseases|Congenital, Hereditary, and Neonatal Diseases and Abnormalities|Congenital Abnormalities|Skin Abnormalities|Ectodermal Dysplasia|"",""|Diseases|Skin and Connective Tissue Diseases|Skin Diseases|Skin Abnormalities|Ectodermal Dysplasia|"",""|Diseases|Congenital, Hereditary, and Neonatal Diseases and Abnormalities|Genetic Diseases, Inborn|Skin Diseases, Genetic|Ectodermal Dysplasia|"",""|Diseases|Skin and Connective Tissue Diseases|Skin Diseases|Skin Diseases, Genetic|Ectodermal Dysplasia|""]"
GENETIC SYNDROMES AFFECTING SKIN,Genetic syndromes affecting skin,,0,0,null
ICHTHYOSES,Ichthyosis,D007057,0,292956,"[""|Diseases|Congenital, Hereditary, and Neonatal Diseases and Abnormalities|Infant, Newborn, Diseases|Ichthyosis|"",""|Diseases|Skin and Connective Tissue Diseases|Skin Diseases|Keratosis|Ichthyosis|"",""|Diseases|Congenital, Hereditary, and Neonatal Diseases and Abnormalities|Congenital Abnormalities|Skin Abnormalities|Ichthyosis|"",""|Diseases|Skin and Connective Tissue Diseases|Skin Diseases|Skin Abnormalities|Ichthyosis|""]"
OTHER INHERITED KERATINISATION DISORDERS,Inherited keratinisation disorders,,0,0,null
GENETIC HAIR DISORDERS,Genetic hair disorders,,0,0,null
GENETIC NAIL DISORDERS,Genetic nail disorders,,0,0,null
GENETIC SKIN PIGMENTATION DISORDERS,Genetic skin pigmentation disorders,,0,0,null
EPIDERMOLYSIS BULLOSA (INHERITED),Epidermolysis Bullosa,D004820,0,294676,"[""|Diseases|Congenital, Hereditary, and Neonatal Diseases and Abnormalities|Congenital Abnormalities|Skin Abnormalities|Epidermolysis Bullosa|"",""|Diseases|Skin and Connective Tissue Diseases|Skin Diseases|Skin Abnormalities|Epidermolysis Bullosa|"",""|Diseases|Congenital, Hereditary, and Neonatal Diseases and Abnormalities|Genetic Diseases, Inborn|Skin Diseases, Genetic|Epidermolysis Bullosa|"",""|Diseases|Skin and Connective Tissue Diseases|Skin Diseases|Skin Diseases, Genetic|Epidermolysis Bullosa|"",""|Diseases|Skin and Connective Tissue Diseases|Skin Diseases|Skin Diseases, Vesiculobullous|Epidermolysis Bullosa|""]"
PSEUDOXANTHOMA ELASTICUM,Pseudoxanthoma Elasticum,D011561,0,295718,"[""|Diseases|Skin and Connective Tissue Diseases|Connective Tissue Diseases|Pseudoxanthoma Elasticum|"",""|Diseases|Hemic and Lymphatic Diseases|Hematologic Diseases|Hemorrhagic Disorders|Hemostatic Disorders|Pseudoxanthoma Elasticum|"",""|Diseases|Cardiovascular Diseases|Vascular Diseases|Hemostatic Disorders|Pseudoxanthoma Elasticum|"",""|Diseases|Congenital, Hereditary, and Neonatal Diseases and Abnormalities|Congenital Abnormalities|Skin Abnormalities|Pseudoxanthoma Elasticum|"",""|Diseases|Skin and Connective Tissue Diseases|Skin Diseases|Skin Abnormalities|Pseudoxanthoma Elasticum|"",""|Diseases|Congenital, Hereditary, and Neonatal Diseases and Abnormalities|Genetic Diseases, Inborn|Skin Diseases, Genetic|Pseudoxanthoma Elasticum|"",""|Diseases|Skin and Connective Tissue Diseases|Skin Diseases|Skin Diseases, Genetic|Pseudoxanthoma Elasticum|""]"
CUTIS LAXA (INHERITED),Cutis Laxa,D003483,0,294984,"[""|Diseases|Skin and Connective Tissue Diseases|Connective Tissue Diseases|Cutis Laxa|"",""|Diseases|Congenital, Hereditary, and Neonatal Diseases and Abnormalities|Genetic Diseases, Inborn|Skin Diseases, Genetic|Cutis Laxa|"",""|Diseases|Skin and Connective Tissue Diseases|Skin Diseases|Skin Diseases, Genetic|Cutis Laxa|""]"
MARFAN SYNDROME,Marfan Syndrome,D008382,0,293416,"[""|Diseases|Congenital, Hereditary, and Neonatal Diseases and Abnormalities|Congenital Abnormalities|Abnormalities, Multiple|Marfan Syndrome|"",""|Diseases|Musculoskeletal Diseases|Bone Diseases|Bone Diseases, Developmental|Marfan Syndrome|"",""|Diseases|Skin and Connective Tissue Diseases|Connective Tissue Diseases|Marfan Syndrome|"",""|Diseases|Congenital, Hereditary, and Neonatal Diseases and Abnormalities|Genetic Diseases, Inborn|Marfan Syndrome|"",""|Diseases|Cardiovascular Diseases|Cardiovascular Abnormalities|Heart Defects, Congenital|Marfan Syndrome|"",""|Diseases|Congenital, Hereditary, and Neonatal Diseases and Abnormalities|Congenital Abnormalities|Cardiovascular Abnormalities|Heart Defects, Congenital|Marfan Syndrome|"",""|Diseases|Cardiovascular Diseases|Heart Diseases|Heart Defects, Congenital|Marfan Syndrome|""]"
EHLERS-DANLOS SYNDROME & OTHER COLLAGEN DISORDERS,Ehlers-Danlos Syndrome,D004535,0,294985,"[""|Diseases|Skin and Connective Tissue Diseases|Connective Tissue Diseases|Collagen Diseases|Ehlers-Danlos Syndrome|"",""|Diseases|Hemic and Lymphatic Diseases|Hematologic Diseases|Hemorrhagic Disorders|Hemostatic Disorders|Ehlers-Danlos Syndrome|"",""|Diseases|Cardiovascular Diseases|Vascular Diseases|Hemostatic Disorders|Ehlers-Danlos Syndrome|"",""|Diseases|Congenital, Hereditary, and Neonatal Diseases and Abnormalities|Congenital Abnormalities|Skin Abnormalities|Ehlers-Danlos Syndrome|"",""|Diseases|Skin and Connective Tissue Diseases|Skin Diseases|Skin Abnormalities|Ehlers-Danlos Syndrome|"",""|Diseases|Congenital, Hereditary, and Neonatal Diseases and Abnormalities|Genetic Diseases, Inborn|Skin Diseases, Genetic|Ehlers-Danlos Syndrome|"",""|Diseases|Skin and Connective Tissue Diseases|Skin Diseases|Skin Diseases, Genetic|Ehlers-Danlos Syndrome|""]"
EHLERS-DANLOS SYNDROME & OTHER COLLAGEN DISORDERS,Collagen,D003094,0,0,null
PREMATURE AGEING SYNDROMES,Progeria,D011371,0,295696,"[""|Diseases|Congenital, Hereditary, and Neonatal Diseases and Abnormalities|Genetic Diseases, Inborn|Metabolism, Inborn Errors|Progeria|"",""|Diseases|Nutritional and Metabolic Diseases|Metabolic Diseases|Metabolism, Inborn Errors|Progeria|""]"
FAMILIAL MULTIPLE TUMOUR SYNDROMES,Familial multiple tumour syndromes,,0,0,null
XERODERMA PIGMENTOSUM & OTHER DNA INSTABILITY SYNDROMESD014983,Xeroderma Pigmentosum,D014983,0,296193,"[""|Diseases|Nutritional and Metabolic Diseases|Metabolic Diseases|DNA Repair-Deficiency Disorders|Xeroderma Pigmentosum|"",""|Diseases|Skin and Connective Tissue Diseases|Skin Diseases|Photosensitivity Disorders|Xeroderma Pigmentosum|"",""|Diseases|Skin and Connective Tissue Diseases|Skin Diseases|Pigmentation Disorders|Xeroderma Pigmentosum|"",""|Diseases|Cancers|Precancerous Conditions|Xeroderma Pigmentosum|"",""|Diseases|Congenital, Hereditary, and Neonatal Diseases and Abnormalities|Congenital Abnormalities|Skin Abnormalities|Xeroderma Pigmentosum|"",""|Diseases|Skin and Connective Tissue Diseases|Skin Diseases|Skin Abnormalities|Xeroderma Pigmentosum|"",""|Diseases|Congenital, Hereditary, and Neonatal Diseases and Abnormalities|Genetic Diseases, Inborn|Skin Diseases, Genetic|Xeroderma Pigmentosum|"",""|Diseases|Skin and Connective Tissue Diseases|Skin Diseases|Skin Diseases, Genetic|Xeroderma Pigmentosum|""]"
INHERITED DISORDERS OF LIPID METABOLISM,"Lipid Metabolism, Inborn Errors",D008052,0,295057,"[""|Diseases|Nutritional and Metabolic Diseases|Metabolic Diseases|Lipid Metabolism Disorders|Lipid Metabolism, Inborn Errors|"",""|Diseases|Congenital, Hereditary, and Neonatal Diseases and Abnormalities|Genetic Diseases, Inborn|Metabolism, Inborn Errors|Lipid Metabolism, Inborn Errors|"",""|Diseases|Nutritional and Metabolic Diseases|Metabolic Diseases|Metabolism, Inborn Errors|Lipid Metabolism, Inborn Errors|""]"
INHERITED DISORDERS OF AMINO ACID METABOLISM,"Amino Acid Metabolism, Inborn Errors",D000592,0,293519,"[""|Diseases|Congenital, Hereditary, and Neonatal Diseases and Abnormalities|Genetic Diseases, Inborn|Metabolism, Inborn Errors|Amino Acid Metabolism, Inborn Errors|"",""|Diseases|Nutritional and Metabolic Diseases|Metabolic Diseases|Metabolism, Inborn Errors|Amino Acid Metabolism, Inborn Errors|""]"
INHERITED DISORDERS OF PORPHYRIN METABOLISM,Porphyrias,D011164,0,295517,"[""|Diseases|Nutritional and Metabolic Diseases|Metabolic Diseases|Porphyrias|"",""|Diseases|Congenital, Hereditary, and Neonatal Diseases and Abnormalities|Genetic Diseases, Inborn|Metabolism, Inborn Errors|Porphyrias|"",""|Diseases|Nutritional and Metabolic Diseases|Metabolic Diseases|Metabolism, Inborn Errors|Porphyrias|"",""|Diseases|Nutritional and Metabolic Diseases|Metabolic Diseases|Skin Diseases, Metabolic|Porphyrias|"",""|Diseases|Skin and Connective Tissue Diseases|Skin Diseases|Skin Diseases, Metabolic|Porphyrias|""]"
MUCOPOLYSACCHARIDOSES & MUCOLIPIDOSES #1,Mucopolysaccharidoses,D009083,0,293116,"[""|Diseases|Congenital, Hereditary, and Neonatal Diseases and Abnormalities|Genetic Diseases, Inborn|Metabolism, Inborn Errors|Carbohydrate Metabolism, Inborn Errors|Mucopolysaccharidoses|"",""|Diseases|Nutritional and Metabolic Diseases|Metabolic Diseases|Metabolism, Inborn Errors|Carbohydrate Metabolism, Inborn Errors|Mucopolysaccharidoses|"",""|Diseases|Congenital, Hereditary, and Neonatal Diseases and Abnormalities|Genetic Diseases, Inborn|Metabolism, Inborn Errors|Lysosomal Storage Diseases|Mucopolysaccharidoses|"",""|Diseases|Nutritional and Metabolic Diseases|Metabolic Diseases|Metabolism, Inborn Errors|Lysosomal Storage Diseases|Mucopolysaccharidoses|"",""|Diseases|Skin and Connective Tissue Diseases|Connective Tissue Diseases|Mucinoses|Mucopolysaccharidoses|""]"
MUCOPOLYSACCHARIDOSES & MUCOLIPIDOSES #2,Mucolipidoses,D009081,0,293241,"[""|Diseases|Musculoskeletal Diseases|Bone Diseases|Bone Diseases, Metabolic|Mucolipidoses|"",""|Diseases|Congenital, Hereditary, and Neonatal Diseases and Abnormalities|Genetic Diseases, Inborn|Metabolism, Inborn Errors|Carbohydrate Metabolism, Inborn Errors|Mucolipidoses|"",""|Diseases|Nutritional and Metabolic Diseases|Metabolic Diseases|Metabolism, Inborn Errors|Carbohydrate Metabolism, Inborn Errors|Mucolipidoses|"",""|Diseases|Nervous System Diseases|Central Nervous System Diseases|Brain Diseases|Brain Diseases, Metabolic|Brain Diseases, Metabolic, Inborn|Lysosomal Storage Diseases, Nervous System|Mucolipidoses|"",""|Diseases|Nutritional and Metabolic Diseases|Metabolic Diseases|Brain Diseases, Metabolic|Brain Diseases, Metabolic, Inborn|Lysosomal Storage Diseases, Nervous System|Mucolipidoses|"",""|Diseases|Congenital, Hereditary, and Neonatal Diseases and Abnormalities|Genetic Diseases, Inborn|Metabolism, Inborn Errors|Brain Diseases, Metabolic, Inborn|Lysosomal Storage Diseases, Nervous System|Mucolipidoses|"",""|Diseases|Nutritional and Metabolic Diseases|Metabolic Diseases|Metabolism, Inborn Errors|Brain Diseases, Metabolic, Inborn|Lysosomal Storage Diseases, Nervous System|Mucolipidoses|"",""|Diseases|Congenital, Hereditary, and Neonatal Diseases and Abnormalities|Genetic Diseases, Inborn|Metabolism, Inborn Errors|Lysosomal Storage Diseases|Lysosomal Storage Diseases, Nervous System|Mucolipidoses|"",""|Diseases|Nutritional and Metabolic Diseases|Metabolic Diseases|Metabolism, Inborn Errors|Lysosomal Storage Diseases|Lysosomal Storage Diseases, Nervous System|Mucolipidoses|""]"
INHERITED IMMUNE DISORDERS,Immunologic Deficiency Syndromes,D007153,0,293499,"[""|Diseases|Immune System Diseases|Immunologic Deficiency Syndromes|""]"
GRANULOMA ANNULARE,Granuloma Annulare,D016460,0,296612,"[""|Diseases|Immune System Diseases|Immunoproliferative Disorders|Lymphoproliferative Disorders|Granuloma|Granuloma Annulare|"",""|Diseases|Hemic and Lymphatic Diseases|Lymphatic Diseases|Lymphoproliferative Disorders|Granuloma|Granuloma Annulare|"",""|Diseases|Pathological Conditions, Signs and Symptoms|Pathologic Processes|Granuloma|Granuloma Annulare|"",""|Diseases|Skin and Connective Tissue Diseases|Connective Tissue Diseases|Collagen Diseases|Necrobiotic Disorders|Granuloma Annulare|"",""|Diseases|Skin and Connective Tissue Diseases|Skin Diseases|Necrobiotic Disorders|Granuloma Annulare|""]"
NECROBIOSIS LIPOIDICA,Necrobiosis Lipoidica,D009335,0,293271,"[""|Diseases|Skin and Connective Tissue Diseases|Connective Tissue Diseases|Collagen Diseases|Necrobiotic Disorders|Necrobiosis Lipoidica|"",""|Diseases|Skin and Connective Tissue Diseases|Skin Diseases|Necrobiotic Disorders|Necrobiosis Lipoidica|"",""|Diseases|Nutritional and Metabolic Diseases|Metabolic Diseases|Skin Diseases, Metabolic|Necrobiosis Lipoidica|"",""|Diseases|Skin and Connective Tissue Diseases|Skin Diseases|Skin Diseases, Metabolic|Necrobiosis Lipoidica|""]"
SARCOIDOSIS OF THE SKIN,Sarcoidosis,D012507,0,295834,"[""|Diseases|Immune System Diseases|Immunoproliferative Disorders|Lymphoproliferative Disorders|Sarcoidosis|"",""|Diseases|Hemic and Lymphatic Diseases|Lymphatic Diseases|Lymphoproliferative Disorders|Sarcoidosis|""]"
SARCOIDOSIS OF THE SKIN,Skin,D012867,0,0,null
CROHN'S DISEASE OF THE SKIN,Crohn Disease,D003424,0,294536,"[""|Diseases|Digestive System Diseases|Gastrointestinal Diseases|Gastroenteritis|Inflammatory Bowel Disease|Crohn Disease|"",""|Diseases|Digestive System Diseases|Gastrointestinal Diseases|Intestinal Diseases|Inflammatory Bowel Disease|Crohn Disease|""]"
CROHN'S DISEASE OF THE SKIN,Skin,D012867,0,0,null
IMMUNOBULLOUS (BLISTERING),"Skin Diseases, Vesiculobullous",D012872,0,293470,"[""|Diseases|Skin and Connective Tissue Diseases|Skin Diseases|Skin Diseases, Vesiculobullous|""]"
PEMPHIGUS,Pemphigus,D010392,0,295675,"[""|Diseases|Immune System Diseases|Autoimmune Diseases|Pemphigus|"",""|Diseases|Skin and Connective Tissue Diseases|Skin Diseases|Skin Diseases, Vesiculobullous|Pemphigus|""]"
BULLOUS PEMPHIGOID,"Pemphigoid, Bullous",D010391,0,296687,"[""|Diseases|Immune System Diseases|Autoimmune Diseases|Pemphigoid, Bullous|"",""|Diseases|Skin and Connective Tissue Diseases|Skin Diseases|Skin Diseases, Vesiculobullous|Pemphigoid, Bullous|""]"
MUCOUS MEMBRANE PEMPHIGOID,"Pemphigoid, Benign Mucous Membrane",D010390,0,292910,"[""|Diseases|Skin and Connective Tissue Diseases|Skin Diseases|Skin Diseases, Vesiculobullous|Pemphigoid, Benign Mucous Membrane|""]"
PEMPHIGOID GESTATIONIS,Pemphigoid Gestationis,D006559,0,294871,"[""|Diseases|Female Urogenital Diseases and Pregnancy Complications|Pregnancy Complications|Pemphigoid Gestationis|"",""|Diseases|Skin and Connective Tissue Diseases|Skin Diseases|Skin Diseases, Vesiculobullous|Pemphigoid Gestationis|""]"
DERMATITIS HERPETIFORMIS,Dermatitis Herpetiformis,D003874,0,295060,"[""|Diseases|Immune System Diseases|Autoimmune Diseases|Dermatitis Herpetiformis|"",""|Diseases|Skin and Connective Tissue Diseases|Skin Diseases|Dermatitis|Dermatitis Herpetiformis|"",""|Diseases|Skin and Connective Tissue Diseases|Skin Diseases|Skin Diseases, Vesiculobullous|Dermatitis Herpetiformis|""]"
LINEAR IGA DISEASE,Linear IgA disease,,0,0,null
EPIDERMOLYSIS BULLOSA ACQUISITA,Epidermolysis Bullosa Acquisita,D016107,0,296593,"[""|Diseases|Congenital, Hereditary, and Neonatal Diseases and Abnormalities|Congenital Abnormalities|Skin Abnormalities|Epidermolysis Bullosa|Epidermolysis Bullosa Acquisita|"",""|Diseases|Skin and Connective Tissue Diseases|Skin Diseases|Skin Abnormalities|Epidermolysis Bullosa|Epidermolysis Bullosa Acquisita|"",""|Diseases|Congenital, Hereditary, and Neonatal Diseases and Abnormalities|Genetic Diseases, Inborn|Skin Diseases, Genetic|Epidermolysis Bullosa|Epidermolysis Bullosa Acquisita|"",""|Diseases|Skin and Connective Tissue Diseases|Skin Diseases|Skin Diseases, Genetic|Epidermolysis Bullosa|Epidermolysis Bullosa Acquisita|"",""|Diseases|Skin and Connective Tissue Diseases|Skin Diseases|Skin Diseases, Vesiculobullous|Epidermolysis Bullosa|Epidermolysis Bullosa Acquisita|""]"
"INFECTIONS, INFESTATIONS & BITES","Skin Diseases, Infectious",D012874,0,294299,"[""|Diseases|Bacterial Infections and Mycoses|Infection|Skin Diseases, Infectious|"",""|Diseases|Skin and Connective Tissue Diseases|Skin Diseases|Skin Diseases, Infectious|""]"
VIRAL INFECTIONS,"Skin Diseases, Viral",D017193,0,296540,"[""|Diseases|Bacterial Infections and Mycoses|Infection|Skin Diseases, Infectious|Skin Diseases, Viral|"",""|Diseases|Skin and Connective Tissue Diseases|Skin Diseases|Skin Diseases, Infectious|Skin Diseases, Viral|"",""|Diseases|Virus Diseases|Skin Diseases, Viral|""]"
MOLLUSCUM CONTAGIOSUM,Molluscum Contagiosum,D008976,0,293224,"[""|Diseases|Virus Diseases|DNA Virus Infections|Poxviridae Infections|Molluscum Contagiosum|"",""|Diseases|Bacterial Infections and Mycoses|Infection|Skin Diseases, Infectious|Skin Diseases, Viral|Molluscum Contagiosum|"",""|Diseases|Skin and Connective Tissue Diseases|Skin Diseases|Skin Diseases, Infectious|Skin Diseases, Viral|Molluscum Contagiosum|"",""|Diseases|Virus Diseases|Skin Diseases, Viral|Molluscum Contagiosum|""]"
OTHER POX VIRUSES,Poxviridae,D011212,0,118286,"[""|Natural Science, Anatomy and Organisms|Organisms|Viruses|Vertebrate Viruses|DNA Viruses|Poxviridae|"",""|Natural Science, Anatomy and Organisms|Organisms|Viruses|DNA Viruses|Poxviridae|""]"
HERPES SIMPLEX (INCLUDING COLD SORES),Herpes Labialis,D006560,0,294872,"[""|Diseases|Virus Diseases|DNA Virus Infections|Herpesviridae Infections|Herpes Simplex|Herpes Labialis|"",""|Diseases|Bacterial Infections and Mycoses|Infection|Skin Diseases, Infectious|Skin Diseases, Viral|Herpes Simplex|Herpes Labialis|"",""|Diseases|Skin and Connective Tissue Diseases|Skin Diseases|Skin Diseases, Infectious|Skin Diseases, Viral|Herpes Simplex|Herpes Labialis|"",""|Diseases|Virus Diseases|Skin Diseases, Viral|Herpes Simplex|Herpes Labialis|"",""|Diseases|Stomatognathic Diseases|Mouth Diseases|Lip Diseases|Herpes Labialis|""]"
GENITAL HERPES (HERPES SIMPLEX),Herpes Genitalis,D006558,0,294869,"[""|Diseases|Female Urogenital Diseases and Pregnancy Complications|Female Urogenital Diseases|Genital Diseases, Female|Herpes Genitalis|"",""|Diseases|Male Urogenital Diseases|Genital Diseases, Male|Herpes Genitalis|"",""|Diseases|Virus Diseases|DNA Virus Infections|Herpesviridae Infections|Herpes Simplex|Herpes Genitalis|"",""|Diseases|Bacterial Infections and Mycoses|Infection|Skin Diseases, Infectious|Skin Diseases, Viral|Herpes Simplex|Herpes Genitalis|"",""|Diseases|Skin and Connective Tissue Diseases|Skin Diseases|Skin Diseases, Infectious|Skin Diseases, Viral|Herpes Simplex|Herpes Genitalis|"",""|Diseases|Virus Diseases|Skin Diseases, Viral|Herpes Simplex|Herpes Genitalis|"",""|Diseases|Female Urogenital Diseases and Pregnancy Complications|Female Urogenital Diseases|Genital Diseases, Female|Sexually Transmitted Diseases|Sexually Transmitted Diseases, Viral|Herpes Genitalis|"",""|Diseases|Male Urogenital Diseases|Genital Diseases, Male|Sexually Transmitted Diseases|Sexually Transmitted Diseases, Viral|Herpes Genitalis|"",""|Diseases|Bacterial Infections and Mycoses|Infection|Sexually Transmitted Diseases|Sexually Transmitted Diseases, Viral|Herpes Genitalis|"",""|Diseases|Virus Diseases|Sexually Transmitted Diseases|Sexually Transmitted Diseases, Viral|Herpes Genitalis|""]"
CHICKEN POX (VARICELLA),Chickenpox,D002644,0,294357,"[""|Diseases|Virus Diseases|DNA Virus Infections|Herpesviridae Infections|Chickenpox|""]"
SHINGLES (HERPES ZOSTER),Herpes Zoster,D006562,0,294874,"[""|Diseases|Virus Diseases|DNA Virus Infections|Herpesviridae Infections|Herpes Zoster|""]"
WARTS AND VERRUCAS,Warts,D014860,0,0,null
GENITAL WARTS,Genital Warts,D003218,0,0,null
VIRAL RASHES,Viral rashes,,0,0,null
HIV & AIDS,AIDS,D000163,0,0,null
HIV & AIDS,HIV,D006678,0,118233,"[""|Natural Science, Anatomy and Organisms|Organisms|Viruses|Vertebrate Viruses|Oncogenic Viruses|Retroviridae|Lentivirus|Lentiviruses, Primate|HIV|"",""|Natural Science, Anatomy and Organisms|Organisms|Viruses|Vertebrate Viruses|RNA Viruses|Retroviridae|Lentivirus|Lentiviruses, Primate|HIV|"",""|Natural Science, Anatomy and Organisms|Organisms|Viruses|RNA Viruses|Retroviridae|Lentivirus|Lentiviruses, Primate|HIV|""]"
INSECT-BORNE AND HAEMORRHAGIC FEVERS,"Hemorrhagic Fevers, Viral",D006482,0,295031,"[""|Diseases|Virus Diseases|RNA Virus Infections|Hemorrhagic Fevers, Viral|""]"
PITYRIASIS ROSEA (SUSPECTED VIRAL ORIGIN),Pityriasis Rosea,D017515,0,296304,"[""|Diseases|Skin and Connective Tissue Diseases|Skin Diseases|Skin Diseases, Papulosquamous|Pityriasis|Pityriasis Rosea|""]"
RICKETTSIAL AND CHLAMYDIAL INFECTIONS,Rickettsiaceae Infections,D012288,0,295493,"[""|Diseases|Bacterial Infections and Mycoses|Bacterial Infections|Gram-Negative Bacterial Infections|Rickettsiaceae Infections|""]"
BACTERIAL INFECTIONS,"Skin Diseases, Bacterial",D017192,0,293444,"[""|Diseases|Bacterial Infections and Mycoses|Bacterial Infections|Skin Diseases, Bacterial|"",""|Diseases|Bacterial Infections and Mycoses|Infection|Skin Diseases, Infectious|Skin Diseases, Bacterial|"",""|Diseases|Skin and Connective Tissue Diseases|Skin Diseases|Skin Diseases, Infectious|Skin Diseases, Bacterial|""]"
IMPETIGO & ECTHYMA,Impetigo ,D007169,0,292975,"[""|Diseases|Bacterial Infections and Mycoses|Bacterial Infections|Skin Diseases, Bacterial|Staphylococcal Skin Infections|Impetigo|"",""|Diseases|Bacterial Infections and Mycoses|Infection|Skin Diseases, Infectious|Skin Diseases, Bacterial|Staphylococcal Skin Infections|Impetigo|"",""|Diseases|Skin and Connective Tissue Diseases|Skin Diseases|Skin Diseases, Infectious|Skin Diseases, Bacterial|Staphylococcal Skin Infections|Impetigo|"",""|Diseases|Bacterial Infections and Mycoses|Bacterial Infections|Gram-Positive Bacterial Infections|Staphylococcal Infections|Staphylococcal Skin Infections|Impetigo|"",""|Diseases|Bacterial Infections and Mycoses|Bacterial Infections|Gram-Positive Bacterial Infections|Streptococcal Infections|Impetigo|""]"
BACTERIAL FOLLICULITIS,Folliculitis,D005499,0,293655,"[""|Diseases|Skin and Connective Tissue Diseases|Skin Diseases|Hair Diseases|Folliculitis|""]"
BOILS (FURUNCLES) & CARBUNCLES,Furunculosis,D005667,0,0,null
ERYSIPELAS,Erysipelas,D004886,0,294699,"[""|Diseases|Bacterial Infections and Mycoses|Bacterial Infections|Skin Diseases, Bacterial|Erysipelas|"",""|Diseases|Bacterial Infections and Mycoses|Infection|Skin Diseases, Infectious|Skin Diseases, Bacterial|Erysipelas|"",""|Diseases|Skin and Connective Tissue Diseases|Skin Diseases|Skin Diseases, Infectious|Skin Diseases, Bacterial|Erysipelas|"",""|Diseases|Bacterial Infections and Mycoses|Bacterial Infections|Gram-Positive Bacterial Infections|Streptococcal Infections|Erysipelas|""]"
CELLULITIS,Cellulitis,D002481,0,294298,"[""|Diseases|Skin and Connective Tissue Diseases|Connective Tissue Diseases|Cellulitis|"",""|Diseases|Bacterial Infections and Mycoses|Infection|Skin Diseases, Infectious|Cellulitis|"",""|Diseases|Skin and Connective Tissue Diseases|Skin Diseases|Skin Diseases, Infectious|Cellulitis|"",""|Diseases|Bacterial Infections and Mycoses|Infection|Suppuration|Cellulitis|"",""|Diseases|Pathological Conditions, Signs and Symptoms|Pathologic Processes|Inflammation|Suppuration|Cellulitis|""]"
NECROTISING FASCIITIS,"Fasciitis, Necrotizing",D019115,0,296584,"[""|Diseases|Musculoskeletal Diseases|Fasciitis|Fasciitis, Necrotizing|"",""|Diseases|Bacterial Infections and Mycoses|Bacterial Infections|Skin Diseases, Bacterial|Fasciitis, Necrotizing|"",""|Diseases|Bacterial Infections and Mycoses|Infection|Skin Diseases, Infectious|Skin Diseases, Bacterial|Fasciitis, Necrotizing|"",""|Diseases|Skin and Connective Tissue Diseases|Skin Diseases|Skin Diseases, Infectious|Skin Diseases, Bacterial|Fasciitis, Necrotizing|""]"
SITE-SPECIFIC PYOGENIC INFECTIONS,Site-specific pyogenic infections,,0,0,null
PYOGENIC ABSCESS,Psoas Abscess,D016659,0,296639,"[""|Diseases|Bacterial Infections and Mycoses|Infection|Suppuration|Abscess|Psoas Abscess|"",""|Diseases|Pathological Conditions, Signs and Symptoms|Pathologic Processes|Inflammation|Suppuration|Abscess|Psoas Abscess|""]"
WOUND INFECTIONS,Wound Infection,D014946,0,295969,"[""|Diseases|Bacterial Infections and Mycoses|Infection|Wound Infection|"",""|Diseases|Disorders of Environmental Origin|Wounds and Injuries|Wound Infection|""]"
MRSA,MRSA,D055624,0,0,null
OTHER PYOGENIC INFECTIONS,Pyogenic infections,,0,0,null
NON-PYOGENIC BACTERIAL INFECTIONS,Non-pyogenic bacterial infections,,0,0,null
SYPHILIS & OTHER TREPONEMATOSES," Syphilis, Cutaneous",D013591,0,295982,"[""|Diseases|Bacterial Infections and Mycoses|Bacterial Infections|Skin Diseases, Bacterial|Syphilis, Cutaneous|"",""|Diseases|Bacterial Infections and Mycoses|Infection|Skin Diseases, Infectious|Skin Diseases, Bacterial|Syphilis, Cutaneous|"",""|Diseases|Skin and Connective Tissue Diseases|Skin Diseases|Skin Diseases, Infectious|Skin Diseases, Bacterial|Syphilis, Cutaneous|"",""|Diseases|Bacterial Infections and Mycoses|Bacterial Infections|Sexually Transmitted Diseases, Bacterial|Syphilis|Syphilis, Cutaneous|"",""|Diseases|Female Urogenital Diseases and Pregnancy Complications|Female Urogenital Diseases|Genital Diseases, Female|Sexually Transmitted Diseases|Sexually Transmitted Diseases, Bacterial|Syphilis|Syphilis, Cutaneous|"",""|Diseases|Male Urogenital Diseases|Genital Diseases, Male|Sexually Transmitted Diseases|Sexually Transmitted Diseases, Bacterial|Syphilis|Syphilis, Cutaneous|"",""|Diseases|Bacterial Infections and Mycoses|Infection|Sexually Transmitted Diseases|Sexually Transmitted Diseases, Bacterial|Syphilis|Syphilis, Cutaneous|"",""|Diseases|Virus Diseases|Sexually Transmitted Diseases|Sexually Transmitted Diseases, Bacterial|Syphilis|Syphilis, Cutaneous|"",""|Diseases|Bacterial Infections and Mycoses|Bacterial Infections|Gram-Negative Bacterial Infections|Treponemal Infections|Syphilis|Syphilis, Cutaneous|"",""|Diseases|Bacterial Infections and Mycoses|Bacterial Infections|Spirochaetales Infections|Treponemal Infections|Syphilis|Syphilis, Cutaneous|""]"
SYPHILIS & OTHER TREPONEMATOSES,Treponematoses,,0,0,null
OTHER SEXUALLY TRANSMITTED BACTERIAL DISEASES,"Sexually Transmitted Diseases, Bacterial",D015231,0,294345,"[""|Diseases|Bacterial Infections and Mycoses|Bacterial Infections|Sexually Transmitted Diseases, Bacterial|"",""|Diseases|Female Urogenital Diseases and Pregnancy Complications|Female Urogenital Diseases|Genital Diseases, Female|Sexually Transmitted Diseases|Sexually Transmitted Diseases, Bacterial|"",""|Diseases|Male Urogenital Diseases|Genital Diseases, Male|Sexually Transmitted Diseases|Sexually Transmitted Diseases, Bacterial|"",""|Diseases|Bacterial Infections and Mycoses|Infection|Sexually Transmitted Diseases|Sexually Transmitted Diseases, Bacterial|"",""|Diseases|Virus Diseases|Sexually Transmitted Diseases|Sexually Transmitted Diseases, Bacterial|""]"
PLAGUE,Plague,D010930,0,295472,"[""|Diseases|Bacterial Infections and Mycoses|Bacterial Infections|Gram-Negative Bacterial Infections|Enterobacteriaceae Infections|Yersinia Infections|Plague|""]"
ANTHRAX,Anthrax,D000881,0,293861,"[""|Diseases|Bacterial Infections and Mycoses|Bacterial Infections|Gram-Positive Bacterial Infections|Bacillaceae Infections|Anthrax|""]"
LYME DISEASE,Lyme Disease,D008193,0,293574,"[""|Diseases|Bacterial Infections and Mycoses|Bacterial Infections|Gram-Negative Bacterial Infections|Borrelia Infections|Lyme Disease|"",""|Diseases|Bacterial Infections and Mycoses|Bacterial Infections|Spirochaetales Infections|Borrelia Infections|Lyme Disease|"",""|Diseases|Virus Diseases|Arbovirus Infections|Tick-Borne Diseases|Lyme Disease|"",""|Diseases|Bacterial Infections and Mycoses|Bacterial Infections|Gram-Negative Bacterial Infections|Tick-Borne Diseases|Lyme Disease|"",""|Diseases|Parasitic Diseases|Protozoan Infections|Tick-Borne Diseases|Lyme Disease|""]"
OTHER ZOONOTIC BACTERIAL INFECTIONS,"Skin Diseases, Bacterial",D017192,0,293444,"[""|Diseases|Bacterial Infections and Mycoses|Bacterial Infections|Skin Diseases, Bacterial|"",""|Diseases|Bacterial Infections and Mycoses|Infection|Skin Diseases, Infectious|Skin Diseases, Bacterial|"",""|Diseases|Skin and Connective Tissue Diseases|Skin Diseases|Skin Diseases, Infectious|Skin Diseases, Bacterial|""]"
TROPICAL & SUB-TROPICAL BACTERIAL INFECTIONS,"Skin Diseases, Bacterial",D017192,0,293444,"[""|Diseases|Bacterial Infections and Mycoses|Bacterial Infections|Skin Diseases, Bacterial|"",""|Diseases|Bacterial Infections and Mycoses|Infection|Skin Diseases, Infectious|Skin Diseases, Bacterial|"",""|Diseases|Skin and Connective Tissue Diseases|Skin Diseases|Skin Diseases, Infectious|Skin Diseases, Bacterial|""]"
SYSTEMIC & DISTANT BACTERIAL INFECTIONS,"Skin Diseases, Bacterial",D017192,0,293444,"[""|Diseases|Bacterial Infections and Mycoses|Bacterial Infections|Skin Diseases, Bacterial|"",""|Diseases|Bacterial Infections and Mycoses|Infection|Skin Diseases, Infectious|Skin Diseases, Bacterial|"",""|Diseases|Skin and Connective Tissue Diseases|Skin Diseases|Skin Diseases, Infectious|Skin Diseases, Bacterial|""]"
KAWASAKI DISEASE (SUSPECTED BACTERIAL ORIGIN),Kawasaki Disease,D009080,0,0,null
MYCOBACTERIAL INFECTIONS,Mycobacterium Infections,D009164,0,293358,"[""|Diseases|Bacterial Infections and Mycoses|Bacterial Infections|Gram-Positive Bacterial Infections|Actinomycetales Infections|Mycobacterium Infections|""]"
LEPROSY,Leprosy,D007918,0,293099,"[""|Diseases|Bacterial Infections and Mycoses|Bacterial Infections|Gram-Positive Bacterial Infections|Actinomycetales Infections|Mycobacterium Infections|Leprosy|""]"
SKIN TUBERCULOSIS,"Tuberculosis, Cutaneous",D014382,0,294705,"[""|Diseases|Bacterial Infections and Mycoses|Bacterial Infections|Skin Diseases, Bacterial|Tuberculosis, Cutaneous|"",""|Diseases|Bacterial Infections and Mycoses|Infection|Skin Diseases, Infectious|Skin Diseases, Bacterial|Tuberculosis, Cutaneous|"",""|Diseases|Skin and Connective Tissue Diseases|Skin Diseases|Skin Diseases, Infectious|Skin Diseases, Bacterial|Tuberculosis, Cutaneous|"",""|Diseases|Bacterial Infections and Mycoses|Bacterial Infections|Gram-Positive Bacterial Infections|Actinomycetales Infections|Mycobacterium Infections|Tuberculosis|Tuberculosis, Cutaneous|""]"
OTHER MYCOBACTERIAL INFECTIONS,Mycobacterial infections,,0,0,null
ACTINOMYCETE INFECTIONS,Actinomycosis,D000196,0,293442,"[""|Diseases|Bacterial Infections and Mycoses|Bacterial Infections|Gram-Positive Bacterial Infections|Actinomycetales Infections|Actinomycosis|""]"
FUNGAL INFECTIONS,Fungal Skin Diseases,D003881,0,0,null
CANDIDA INFECTIONS (THRUSH),"Candidiasis, Cutaneous",D002179,0,294227,"[""|Diseases|Bacterial Infections and Mycoses|Mycoses|Candidiasis|Candidiasis, Cutaneous|"",""|Diseases|Bacterial Infections and Mycoses|Mycoses|Dermatomycoses|Candidiasis, Cutaneous|"",""|Diseases|Bacterial Infections and Mycoses|Infection|Skin Diseases, Infectious|Dermatomycoses|Candidiasis, Cutaneous|"",""|Diseases|Skin and Connective Tissue Diseases|Skin Diseases|Skin Diseases, Infectious|Dermatomycoses|Candidiasis, Cutaneous|""]"
PITYRIASIS VERSICOLOR,Tinea Versicolor,D014010,0,296033,"[""|Diseases|Bacterial Infections and Mycoses|Mycoses|Dermatomycoses|Tinea Versicolor|"",""|Diseases|Bacterial Infections and Mycoses|Infection|Skin Diseases, Infectious|Dermatomycoses|Tinea Versicolor|"",""|Diseases|Skin and Connective Tissue Diseases|Skin Diseases|Skin Diseases, Infectious|Dermatomycoses|Tinea Versicolor|""]"
"TINEA (RINGWORM, ATHLETE'S FOOT ETC.)",Tinea,D014005,0,296028,"[""|Diseases|Bacterial Infections and Mycoses|Mycoses|Dermatomycoses|Tinea|"",""|Diseases|Bacterial Infections and Mycoses|Infection|Skin Diseases, Infectious|Dermatomycoses|Tinea|"",""|Diseases|Skin and Connective Tissue Diseases|Skin Diseases|Skin Diseases, Infectious|Dermatomycoses|Tinea|""]"
OTHER FUNGAL INFECTIONS,Fungal Skin Diseases,D003881,0,0,null
DERMATOSES DUE TO PARASITES,Lice,D008003,0,0,null
DERMATOSES DUE TO PARASITES,Mites,D008925,0,0,null
STINGS & BITES,Bites and Stings,D001733,0,293540,"[""|Diseases|Disorders of Environmental Origin|Poisoning|Bites and Stings|"",""|Diseases|Disorders of Environmental Origin|Wounds and Injuries|Bites and Stings|""]"
HEAD LICE,Head Lice,D010374,0,0,null
PUBIC & BODY LICE,Body Lice,D010374,0,0,null
PUBIC & BODY LICE,Pubic lice,,0,0,null
MITES (INCLUDING SCABIES),Scabies,D012532,0,295842,"[""|Diseases|Parasitic Diseases|Skin Diseases, Parasitic|Ectoparasitic Infestations|Mite Infestations|Scabies|"",""|Diseases|Bacterial Infections and Mycoses|Infection|Skin Diseases, Infectious|Skin Diseases, Parasitic|Ectoparasitic Infestations|Mite Infestations|Scabies|"",""|Diseases|Skin and Connective Tissue Diseases|Skin Diseases|Skin Diseases, Infectious|Skin Diseases, Parasitic|Ectoparasitic Infestations|Mite Infestations|Scabies|"",""|Diseases|Parasitic Diseases|Skin Diseases, Parasitic|Scabies|"",""|Diseases|Bacterial Infections and Mycoses|Infection|Skin Diseases, Infectious|Skin Diseases, Parasitic|Scabies|"",""|Diseases|Skin and Connective Tissue Diseases|Skin Diseases|Skin Diseases, Infectious|Skin Diseases, Parasitic|Scabies|""]"
MAMMAL & HUMAN BITES,Bites and Stings,D001733,0,293540,"[""|Diseases|Disorders of Environmental Origin|Poisoning|Bites and Stings|"",""|Diseases|Disorders of Environmental Origin|Wounds and Injuries|Bites and Stings|""]"
"URTICARIA, ANGIO-OEDEMA & ANAPHYLAXIS",Urticaria,D014581,0,293841,"[""|Diseases|Immune System Diseases|Allergies|Hypersensitivity, Immediate|Urticaria|"",""|Diseases|Skin and Connective Tissue Diseases|Skin Diseases|Skin Diseases, Vascular|Urticaria|""]"
INFLAMMATORY ERYTHEMAS,Erythema,D004890,0,294703,"[""|Diseases|Skin and Connective Tissue Diseases|Skin Diseases|Erythema|""]"
ERYTHEMA MULTIFORME/STEVENS-JOHNSON SYNDROME,Erythema Multiforme,D004892,0,294707,"[""|Diseases|Skin and Connective Tissue Diseases|Skin Diseases|Erythema|Erythema Multiforme|"",""|Diseases|Skin and Connective Tissue Diseases|Skin Diseases|Skin Diseases, Vesiculobullous|Erythema Multiforme|""]"
TOXIC EPIDERMAL NECROLYSIS,"Epidermal Necrolysis, Toxic",D004816,0,294672,"[""|Diseases|Skin and Connective Tissue Diseases|Skin Diseases|Dermatitis|Drug Eruptions|Epidermal Necrolysis, Toxic|"",""|Diseases|Immune System Diseases|Allergies|Drug Hypersensitivity|Drug Eruptions|Epidermal Necrolysis, Toxic|"",""|Diseases|Disorders of Environmental Origin|Poisoning|Drug Toxicity|Drug Eruptions|Epidermal Necrolysis, Toxic|""]"
EOSINOPHILIC DISORDERS,Eosinophilia,D004802,0,293835,"[""|Diseases|Hemic and Lymphatic Diseases|Hematologic Diseases|Leukocyte Disorders|Eosinophilia|""]"
SWEET'S DISEASE,Sweet Syndrome,D016463,0,0,null
PYODERMA GANGRENOSUM,Pyoderma Gangrenosum,D017511,0,296301,"[""|Diseases|Skin and Connective Tissue Diseases|Skin Diseases|Pyoderma|Pyoderma Gangrenosum|"",""|Diseases|Skin and Connective Tissue Diseases|Skin Diseases|Skin Diseases, Vascular|Pyoderma Gangrenosum|"",""|Diseases|Skin and Connective Tissue Diseases|Skin Diseases|Skin Ulcer|Pyoderma Gangrenosum|""]"
SUBCORNEAL PUSTULAR DERMATOSIS,"Skin Diseases, Vesiculobullous",D012872,0,293470,"[""|Diseases|Skin and Connective Tissue Diseases|Skin Diseases|Skin Diseases, Vesiculobullous|""]"
LICHEN PLANUS & RELATED,Lichenoid Eruptions,D017512,0,293114,"[""|Diseases|Skin and Connective Tissue Diseases|Skin Diseases|Skin Diseases, Papulosquamous|Lichenoid Eruptions|""]"
LICHEN PLANUS,Lichen Planus,D008010,0,293113,"[""|Diseases|Skin and Connective Tissue Diseases|Skin Diseases|Skin Diseases, Papulosquamous|Lichenoid Eruptions|Lichen Planus|""]"
LICHENOID DISORDERS,Lichenoid disorders,,0,0,null
GRAFT-VERSUS-HOST REACTIONS,Graft vs Host Disease,D006086,0,294575,"[""|Diseases|Immune System Diseases|Graft vs Host Disease|""]"
BENIGN LYMPHOCYTIC INFILTRATIONS,Benign lymphocytic infiltrations,,0,0,null
CUTANEOUS T-CELL LYMPHOMAS (INCLUDING MYCOSIS FUNGOIDES),"Lymphoma, T-Cell, Cutaneous",D016410,0,293682,"[""|Diseases|Cancers|Cancers by Histologic Type|Lymphomaz|Lymphoma, Non-Hodgkin|Lymphoma, T-Cell|Lymphoma, T-Cell, Cutaneous|"",""|Diseases|Immune System Diseases|Immunoproliferative Disorders|Lymphoproliferative Disorders|Lymphomaz|Lymphoma, Non-Hodgkin|Lymphoma, T-Cell|Lymphoma, T-Cell, Cutaneous|"",""|Diseases|Hemic and Lymphatic Diseases|Lymphatic Diseases|Lymphoproliferative Disorders|Lymphomaz|Lymphoma, Non-Hodgkin|Lymphoma, T-Cell|Lymphoma, T-Cell, Cutaneous|""]"
OTHER SKIN LYMPHOMAS,Lymphoma,D008223,0,0,null
OTHER SKIN LYMPHOMAS,Skin,D012867,0,0,null
LEUKAEMIA & THE SKIN,Leukemia,D007938,0,293319,"[""|Diseases|Cancers|Cancers by Histologic Type|Leukemia|""]"
LEUKAEMIA & THE SKIN,Skin,D012867,0,0,null
HISTIOCYTOSES,Histiocytosis,D015614,0,294890,"[""|Diseases|Hemic and Lymphatic Diseases|Lymphatic Diseases|Reticuloendotheliosis|Histiocytosis|""]"
MASTOCYTOSIS (INCLUDING URTICARIA PIGMENTOSA),"Mastocytosis, Cutaneous",D034701,0,293389,"[""|Diseases|Cancers|Cancers by Histologic Type|Cancers, Connective and Soft Tissue|Cancers, Connective Tissue|Mastocytosis|Mastocytosis, Cutaneous|"",""|Diseases|Skin and Connective Tissue Diseases|Connective Tissue Diseases|Cancers, Connective Tissue|Mastocytosis|Mastocytosis, Cutaneous|"",""|Diseases|Skin and Connective Tissue Diseases|Skin Diseases|Mastocytosis|Mastocytosis, Cutaneous|""]"
METABOLIC & NUTRITIONAL,"Skin Diseases, Metabolic",D012875,0,293119,"[""|Diseases|Nutritional and Metabolic Diseases|Metabolic Diseases|Skin Diseases, Metabolic|"",""|Diseases|Skin and Connective Tissue Diseases|Skin Diseases|Skin Diseases, Metabolic|""]"
CUTANEOUS AMYLOIDOSIS,Amyloidosis,D000686,0,293770,"[""|Diseases|Nutritional and Metabolic Diseases|Metabolic Diseases|Amyloidosis|""]"
MUCINOSES,Mucinoses,D017520,0,293546,"[""|Diseases|Skin and Connective Tissue Diseases|Connective Tissue Diseases|Mucinoses|""]"
XANTHOMATA,Xanthomatosis,D014973,0,296192,"[""|Diseases|Nutritional and Metabolic Diseases|Metabolic Diseases|Lipid Metabolism Disorders|Xanthomatosis|""]"
PORPHYRIAS,Porphyrias,D011164,0,295517,"[""|Diseases|Nutritional and Metabolic Diseases|Metabolic Diseases|Porphyrias|"",""|Diseases|Congenital, Hereditary, and Neonatal Diseases and Abnormalities|Genetic Diseases, Inborn|Metabolism, Inborn Errors|Porphyrias|"",""|Diseases|Nutritional and Metabolic Diseases|Metabolic Diseases|Metabolism, Inborn Errors|Porphyrias|"",""|Diseases|Nutritional and Metabolic Diseases|Metabolic Diseases|Skin Diseases, Metabolic|Porphyrias|"",""|Diseases|Skin and Connective Tissue Diseases|Skin Diseases|Skin Diseases, Metabolic|Porphyrias|""]"
VITAMIN METABOLISM,Avitaminosis,D001361,0,293968,"[""|Diseases|Nutritional and Metabolic Diseases|Nutrition Disorders|Malnutrition|Deficiency Diseases|Avitaminosis|""]"
MINERAL METABOLISM,Metabolic diseases,D008659,0,0,null
MINERAL METABOLISM,Nutrition Disorders,D009748,0,292932,"[""|Diseases|Nutritional and Metabolic Diseases|Nutrition Disorders|""]"
MALNUTRITION,Malnutrition,D044342,0,108230,"[""|Determinants Of Health|Environmental Determinant|Causes Of Harm|Malnutrition|"",""|Determinants Of Health|Diet And Nutrition|Nutrition|Nutritional Deficiency|Malnutrition|""]"
OTHER METABOLIC AND NUTRITIONAL,,,0,0,null
PHYSICAL & SUN DAMAGE,Wounds and Injuries,D014947,0,293393,"[""|Diseases|Disorders of Environmental Origin|Wounds and Injuries|""]"
FRICTION & CORNS,Callosities,D002145,0,294222,"[""|Diseases|Skin and Connective Tissue Diseases|Skin Diseases|Keratosis|Callosities|""]"
PRESSURE SORES & ULCERS,Pressure Ulcer,D003668,0,295017,"[""|Diseases|Skin and Connective Tissue Diseases|Skin Diseases|Skin Ulcer|Pressure Ulcer|""]"
FOREIGN BODY REACTIONS,Foreign-Body Reaction,D005549,0,295352,"[""|Diseases|Disorders of Environmental Origin|Wounds and Injuries|Foreign Bodies|Foreign-Body Reaction|"",""|Diseases|Pathological Conditions, Signs and Symptoms|Pathologic Processes|Inflammation|Foreign-Body Reaction|""]"
TATTOOS,Tattooing,D013653,0,114759,"[""|Analytical, Diagnostic and Therapeutic Techniques and Equipment|Therapeutics|Cosmetic Techniques|Body Modification, Non-Therapeutic|Tattooing|"",""|Analytical, Diagnostic and Therapeutic Techniques and Equipment|Surgical Procedures, Operative|Body Modification, Non-Therapeutic|Tattooing|""]"
BODY PIERCING,Body Piercing,D046288,0,108083,"[""|Determinants Of Health|Individual Behaviour|Body Piercing|""]"
COLD & HEAT,Cold & heat,,0,0,null
COLD DAMAGE & REACTIONS,Frostbite,D005627,0,294360,"[""|Diseases|Disorders of Environmental Origin|Wounds and Injuries|Frostbite|""]"
BURNS & HEAT DAMAGE,Burns,D002056,0,294208,"[""|Diseases|Disorders of Environmental Origin|Wounds and Injuries|Burns|""]"
SUN & ULTRAVIOLET,Sun & ultraviolet,,0,0,null
SUNBURN,Sunburn ,D013471,0,295961,"[""|Diseases|Disorders of Environmental Origin|Wounds and Injuries|Burns|Sunburn|"",""|Diseases|Skin and Connective Tissue Diseases|Skin Diseases|Photosensitivity Disorders|Sunburn|""]"
SUNTAN,Suntan,D055107,0,0,null
CHRONIC SUN DAMAGE & SKIN AGEING,Skin Aging,D015595,0,123629,"[""|Natural Science, Anatomy and Organisms|Natural Sciences|Biological Sciences|Digestive, Oral, and Skin Physiology|Skin Physiology|Skin Aging|""]"
ACTINIC (SOLAR) KERATOSIS,"Keratosis, Actinic",D055623,0,0,null
PHOTOSENSITIVITY REACTIONS,Photosensitivity Disorders,D010787,0,294910,"[""|Diseases|Skin and Connective Tissue Diseases|Skin Diseases|Photosensitivity Disorders|""]"
"WOUNDS, INJURIES & SCARS",Wounds and Injuries,D014947,0,293393,"[""|Diseases|Disorders of Environmental Origin|Wounds and Injuries|""]"
WOUNDS ,"Wounds, Penetrating",D014950,0,296189,"[""|Diseases|Disorders of Environmental Origin|Wounds and Injuries|Wounds, Penetrating|""]"
WOUNDS ,Lacerations,D022125,0,292618,"[""|Diseases|Disorders of Environmental Origin|Wounds and Injuries|Lacerations|""]"
OTHER SKIN INJURIES,Wounds and Injuries,D014947,0,293393,"[""|Diseases|Disorders of Environmental Origin|Wounds and Injuries|""]"
OTHER SKIN INJURIES,Skin,D012867,0,0,null
SCARRING,Scarring,D002921,0,0,null
KELOIDS & HYPERTROPHIC SCARS,Keloid,D007627,0,293653,"[""|Diseases|Skin and Connective Tissue Diseases|Skin Diseases|Cicatrix|Keloid|"",""|Diseases|Skin and Connective Tissue Diseases|Connective Tissue Diseases|Collagen Diseases|Keloid|""]"
PSORIASIS (GENERAL),Psoriasis,D011565,0,295719,"[""|Diseases|Skin and Connective Tissue Diseases|Skin Diseases|Skin Diseases, Papulosquamous|Psoriasis|""]"
CHRONIC PLAQUE PSORIASIS,Psoriasis,D011565,0,295719,"[""|Diseases|Skin and Connective Tissue Diseases|Skin Diseases|Skin Diseases, Papulosquamous|Psoriasis|""]"
GUTTATE PSORIASIS,Psoriasis,D011565,0,295719,"[""|Diseases|Skin and Connective Tissue Diseases|Skin Diseases|Skin Diseases, Papulosquamous|Psoriasis|""]"
PSORIATIC ARTHRITIS,"Arthritis, Psoriatic",D015535,0,293949,"[""|Diseases|Musculoskeletal Diseases|Joint Diseases|Arthritis|Arthritis, Psoriatic|"",""|Diseases|Skin and Connective Tissue Diseases|Skin Diseases|Skin Diseases, Papulosquamous|Psoriasis|Arthritis, Psoriatic|"",""|Diseases|Musculoskeletal Diseases|Joint Diseases|Arthritis|Spondylarthritis|Spondylarthropathies|Arthritis, Psoriatic|"",""|Diseases|Musculoskeletal Diseases|Bone Diseases|Spinal Diseases|Spondylarthritis|Spondylarthropathies|Arthritis, Psoriatic|""]"
NAIL PSORIASIS,Psoriasis,D011565,0,295719,"[""|Diseases|Skin and Connective Tissue Diseases|Skin Diseases|Skin Diseases, Papulosquamous|Psoriasis|""]"
PALMOPLANTAR PUSTULOSIS,Psoriasis,D011565,0,295719,"[""|Diseases|Skin and Connective Tissue Diseases|Skin Diseases|Skin Diseases, Papulosquamous|Psoriasis|""]"
GENERALISED PUSTULAR PSORIASIS,Psoriasis,D011565,0,295719,"[""|Diseases|Skin and Connective Tissue Diseases|Skin Diseases|Skin Diseases, Papulosquamous|Psoriasis|""]"
PITYRIASIS RUBRA PILARIS,Pityriasis Rubra Pilaris,D010916,0,295468,"[""|Diseases|Skin and Connective Tissue Diseases|Skin Diseases|Skin Diseases, Papulosquamous|Pityriasis|Pityriasis Rubra Pilaris|""]"
KERATOSIS PILARIS & OTHER FOLLICULAR KERATOSES,Keratosis pilaris,,0,0,null
KERATOSIS PILARIS & OTHER FOLLICULAR KERATOSES,Follicular keratoses,,0,0,null
POROKERATOSES,Porokeratosis,D017499,0,296300,"[""|Diseases|Skin and Connective Tissue Diseases|Skin Diseases|Keratosis|Porokeratosis|"",""|Diseases|Congenital, Hereditary, and Neonatal Diseases and Abnormalities|Genetic Diseases, Inborn|Skin Diseases, Genetic|Porokeratosis|"",""|Diseases|Skin and Connective Tissue Diseases|Skin Diseases|Skin Diseases, Genetic|Porokeratosis|""]"
OTHER ACQUIRED KERATINISING DISORDERS,Acquired keratinising disorders,,0,0,null
PSYCHOLOGICAL & NEUROLOGICAL ,Nervous System Diseases,D009422,0,294010,"[""|Diseases|Nervous System Diseases|""]"
PSYCHOLOGICAL & NEUROLOGICAL ,Mental Disorders,D001523,0,106960,"[""|Psychiatry and Pscychology|Mental Disorders|""]"
ITCH (PRURITUS & PRURIGO),Prurigo,D011536,0,295707,"[""|Diseases|Skin and Connective Tissue Diseases|Skin Diseases|Prurigo|""]"
ITCH (PRURITUS & PRURIGO),Pruritus,D011537,0,295708,"[""|Diseases|Skin and Connective Tissue Diseases|Skin Diseases|Pruritus|"",""|Diseases|Pathological Conditions, Signs and Symptoms|Signs and Symptoms|Skin Manifestations|Pruritus|"",""|Diseases|Skin and Connective Tissue Diseases|Skin Diseases|Skin Manifestations|Pruritus|""]"
ARTEFACTUAL (INFLICTED) SKIN DISORDERS,Factitious Disorders,D005162,0,107151,"[""|Psychiatry and Pscychology|Mental Disorders|Factitious Disorders|""]"
DISORDERS OF SKIN IMAGE & PERCEPTION,Disorders of skin image & perception,,0,0,null
NEUROLOGICAL DISORDERS,Nervous System Diseases,D009422,0,294010,"[""|Diseases|Nervous System Diseases|""]"
SEXUALLY TRANSMITTED,Sexually Transmitted Diseases,D012749,0,295871,"[""|Diseases|Female Urogenital Diseases and Pregnancy Complications|Female Urogenital Diseases|Genital Diseases, Female|Sexually Transmitted Diseases|"",""|Diseases|Male Urogenital Diseases|Genital Diseases, Male|Sexually Transmitted Diseases|"",""|Diseases|Bacterial Infections and Mycoses|Infection|Sexually Transmitted Diseases|"",""|Diseases|Virus Diseases|Sexually Transmitted Diseases|""]"
STDS IN GENERAL,Sexually Transmitted Diseases,D012749,0,295871,"[""|Diseases|Female Urogenital Diseases and Pregnancy Complications|Female Urogenital Diseases|Genital Diseases, Female|Sexually Transmitted Diseases|"",""|Diseases|Male Urogenital Diseases|Genital Diseases, Male|Sexually Transmitted Diseases|"",""|Diseases|Bacterial Infections and Mycoses|Infection|Sexually Transmitted Diseases|"",""|Diseases|Virus Diseases|Sexually Transmitted Diseases|""]"
MOLLUSCUM CONTAGIOSUM,Molluscum Contagiosum,D008976,0,293224,"[""|Diseases|Virus Diseases|DNA Virus Infections|Poxviridae Infections|Molluscum Contagiosum|"",""|Diseases|Bacterial Infections and Mycoses|Infection|Skin Diseases, Infectious|Skin Diseases, Viral|Molluscum Contagiosum|"",""|Diseases|Skin and Connective Tissue Diseases|Skin Diseases|Skin Diseases, Infectious|Skin Diseases, Viral|Molluscum Contagiosum|"",""|Diseases|Virus Diseases|Skin Diseases, Viral|Molluscum Contagiosum|""]"
GENITAL HERPES (HERPES SIMPLEX),Herpes Genitalis,D006558,0,294869,"[""|Diseases|Female Urogenital Diseases and Pregnancy Complications|Female Urogenital Diseases|Genital Diseases, Female|Herpes Genitalis|"",""|Diseases|Male Urogenital Diseases|Genital Diseases, Male|Herpes Genitalis|"",""|Diseases|Virus Diseases|DNA Virus Infections|Herpesviridae Infections|Herpes Simplex|Herpes Genitalis|"",""|Diseases|Bacterial Infections and Mycoses|Infection|Skin Diseases, Infectious|Skin Diseases, Viral|Herpes Simplex|Herpes Genitalis|"",""|Diseases|Skin and Connective Tissue Diseases|Skin Diseases|Skin Diseases, Infectious|Skin Diseases, Viral|Herpes Simplex|Herpes Genitalis|"",""|Diseases|Virus Diseases|Skin Diseases, Viral|Herpes Simplex|Herpes Genitalis|"",""|Diseases|Female Urogenital Diseases and Pregnancy Complications|Female Urogenital Diseases|Genital Diseases, Female|Sexually Transmitted Diseases|Sexually Transmitted Diseases, Viral|Herpes Genitalis|"",""|Diseases|Male Urogenital Diseases|Genital Diseases, Male|Sexually Transmitted Diseases|Sexually Transmitted Diseases, Viral|Herpes Genitalis|"",""|Diseases|Bacterial Infections and Mycoses|Infection|Sexually Transmitted Diseases|Sexually Transmitted Diseases, Viral|Herpes Genitalis|"",""|Diseases|Virus Diseases|Sexually Transmitted Diseases|Sexually Transmitted Diseases, Viral|Herpes Genitalis|""]"
GENITAL WARTS,Genital Warts,D003218,0,0,null
HIV & AIDS,AIDS,D000163,0,0,null
HIV & AIDS,HIV,D006678,0,118233,"[""|Natural Science, Anatomy and Organisms|Organisms|Viruses|Vertebrate Viruses|Oncogenic Viruses|Retroviridae|Lentivirus|Lentiviruses, Primate|HIV|"",""|Natural Science, Anatomy and Organisms|Organisms|Viruses|Vertebrate Viruses|RNA Viruses|Retroviridae|Lentivirus|Lentiviruses, Primate|HIV|"",""|Natural Science, Anatomy and Organisms|Organisms|Viruses|RNA Viruses|Retroviridae|Lentivirus|Lentiviruses, Primate|HIV|""]"
SYPHILIS,Syphilis,D013587,0,294342,"[""|Diseases|Bacterial Infections and Mycoses|Bacterial Infections|Sexually Transmitted Diseases, Bacterial|Syphilis|"",""|Diseases|Female Urogenital Diseases and Pregnancy Complications|Female Urogenital Diseases|Genital Diseases, Female|Sexually Transmitted Diseases|Sexually Transmitted Diseases, Bacterial|Syphilis|"",""|Diseases|Male Urogenital Diseases|Genital Diseases, Male|Sexually Transmitted Diseases|Sexually Transmitted Diseases, Bacterial|Syphilis|"",""|Diseases|Bacterial Infections and Mycoses|Infection|Sexually Transmitted Diseases|Sexually Transmitted Diseases, Bacterial|Syphilis|"",""|Diseases|Virus Diseases|Sexually Transmitted Diseases|Sexually Transmitted Diseases, Bacterial|Syphilis|"",""|Diseases|Bacterial Infections and Mycoses|Bacterial Infections|Gram-Negative Bacterial Infections|Treponemal Infections|Syphilis|"",""|Diseases|Bacterial Infections and Mycoses|Bacterial Infections|Spirochaetales Infections|Treponemal Infections|Syphilis|""]"
CHANCROID,Chancroid,D002602,0,294343,"[""|Diseases|Bacterial Infections and Mycoses|Bacterial Infections|Gram-Negative Bacterial Infections|Pasteurellaceae Infections|Haemophilus Infections|Chancroid|"",""|Diseases|Bacterial Infections and Mycoses|Bacterial Infections|Sexually Transmitted Diseases, Bacterial|Chancroid|"",""|Diseases|Female Urogenital Diseases and Pregnancy Complications|Female Urogenital Diseases|Genital Diseases, Female|Sexually Transmitted Diseases|Sexually Transmitted Diseases, Bacterial|Chancroid|"",""|Diseases|Male Urogenital Diseases|Genital Diseases, Male|Sexually Transmitted Diseases|Sexually Transmitted Diseases, Bacterial|Chancroid|"",""|Diseases|Bacterial Infections and Mycoses|Infection|Sexually Transmitted Diseases|Sexually Transmitted Diseases, Bacterial|Chancroid|"",""|Diseases|Virus Diseases|Sexually Transmitted Diseases|Sexually Transmitted Diseases, Bacterial|Chancroid|""]"
PUBIC LICE,Pubic lice,,0,0,null
OTHER STDS,Sexually Transmitted Diseases,D012749,0,295871,"[""|Diseases|Female Urogenital Diseases and Pregnancy Complications|Female Urogenital Diseases|Genital Diseases, Female|Sexually Transmitted Diseases|"",""|Diseases|Male Urogenital Diseases|Genital Diseases, Male|Sexually Transmitted Diseases|"",""|Diseases|Bacterial Infections and Mycoses|Infection|Sexually Transmitted Diseases|"",""|Diseases|Virus Diseases|Sexually Transmitted Diseases|""]"
SIGNS OF INTERNAL DISEASE,Skin Manifestations,D012877,0,295198,"[""|Diseases|Pathological Conditions, Signs and Symptoms|Signs and Symptoms|Skin Manifestations|"",""|Diseases|Skin and Connective Tissue Diseases|Skin Diseases|Skin Manifestations|""]"
INTERNAL MALIGNANCY,Paraneoplastic Syndromes,D010257,0,293284,"[""|Diseases|Cancers|Paraneoplastic Syndromes|""]"
IMMUNODEFICIENCY,Immunodeficiency,,0,0,null
THYROID DISORDERS,Thyroid Diseases,D013959,0,296534,"[""|Diseases|Endocrine System Diseases|Thyroid Diseases|"",""|Diseases|Endocrine System Diseases|Thyroid and Parathyroid Disease|Thyroid Diseases|""]"
DIABETES MELLITUS,Diabetes Complications,D048909,0,294975,"[""|Diseases|Endocrine System Diseases|Diabetes|Diabetes Mellitus|Diabetes Complications|"",""|Diseases|Endocrine System Diseases|Diabetes Mellitus|Diabetes Complications|"",""|Diseases|Nutritional and Metabolic Diseases|Metabolic Diseases|Glucose Metabolism Disorders|Diabetes Mellitus|Diabetes Complications|""]"
OTHER ENDOCRINE DISORDERS,Endocrine System Diseases,D004700,0,293741,"[""|Diseases|Endocrine System Diseases|""]"
MAJOR ORGAN DISEASE,Major organ disease,,0,0,null
BEHÇET'S DISEASE,Behcet Disease,D001528,0,0,null
OTHER SKIN SIGNS,signs,Q000175,0,0,null
HAIR & SCALP ,Hair Diseases,D006201,0,295344,"[""|Diseases|Skin and Connective Tissue Diseases|Skin Diseases|Hair Diseases|""]"
HAIR & SCALP,Scalp Dermatoses,D012536,0,295843,"[""|Diseases|Skin and Connective Tissue Diseases|Skin Diseases|Scalp Dermatoses|""]"
EXCESSIVE HAIR GROWTH ,Hirsutism,D006628,0,294888,"[""|Diseases|Skin and Connective Tissue Diseases|Skin Diseases|Hair Diseases|Hirsutism|"",""|Diseases|Pathological Conditions, Signs and Symptoms|Signs and Symptoms|Virilism|Hirsutism|""]"
EXCESSIVE HAIR GROWTH ,Hypertrichosis,D006983,0,294889,"[""|Diseases|Skin and Connective Tissue Diseases|Skin Diseases|Hair Diseases|Hypertrichosis|""]"
HAIR LOSS & ALOPECIA,Hypotrichosis,D007039,0,293542,"[""|Diseases|Skin and Connective Tissue Diseases|Skin Diseases|Hair Diseases|Hypotrichosis|""]"
DANDRUFF & SCALY SCALPS,"Dermatitis, Seborrheic",D012628,0,295863,"[""|Diseases|Skin and Connective Tissue Diseases|Skin Diseases|Dermatitis|Dermatitis, Seborrheic|"",""|Diseases|Skin and Connective Tissue Diseases|Skin Diseases|Sebaceous Gland Diseases|Dermatitis, Seborrheic|"",""|Diseases|Skin and Connective Tissue Diseases|Skin Diseases|Skin Diseases, Eczematous|Dermatitis, Seborrheic|"",""|Diseases|Skin and Connective Tissue Diseases|Skin Diseases|Skin Diseases, Papulosquamous|Dermatitis, Seborrheic|""]"
TINEA CAPITIS (SCALP RINGWORM),Tinea Capitis,D014006,0,296029,"[""|Diseases|Skin and Connective Tissue Diseases|Skin Diseases|Scalp Dermatoses|Tinea Capitis|"",""|Diseases|Bacterial Infections and Mycoses|Mycoses|Dermatomycoses|Tinea|Tinea Capitis|"",""|Diseases|Bacterial Infections and Mycoses|Infection|Skin Diseases, Infectious|Dermatomycoses|Tinea|Tinea Capitis|"",""|Diseases|Skin and Connective Tissue Diseases|Skin Diseases|Skin Diseases, Infectious|Dermatomycoses|Tinea|Tinea Capitis|""]"
OTHER HAIR & SCALP,Hair Diseases,D006201,0,295344,"[""|Diseases|Skin and Connective Tissue Diseases|Skin Diseases|Hair Diseases|""]"
OTHER HAIR & SCALP,Scalp Dermatoses,D012536,0,295843,"[""|Diseases|Skin and Connective Tissue Diseases|Skin Diseases|Scalp Dermatoses|""]"
EARS,Ear Diseases,D004427,0,295191,"[""|Diseases|Otorhinolaryngologic Diseases|Ear Diseases|""]"
EYES,Eye Diseases,D005128,0,293982,"[""|Diseases|Eye Diseases|""]"
MOUTH & LIPS,Mouth Diseases,D009059,0,294055,"[""|Diseases|Stomatognathic Diseases|Mouth Diseases|""]"
MOUTH ULCERS,Oral Ulcer,D019226,0,292903,"[""|Diseases|Stomatognathic Diseases|Mouth Diseases|Oral Ulcer|""]"
ORAL CANDIDA (THRUSH),"Candidiasis, Oral",D002180,0,294228,"[""|Diseases|Bacterial Infections and Mycoses|Mycoses|Candidiasis|Candidiasis, Oral|"",""|Diseases|Stomatognathic Diseases|Mouth Diseases|Candidiasis, Oral|""]"
CANCER OF THE MOUTH & LIPS,Mouth Neoplasms,D009062,0,0,null
CHEILITIS,Cheilitis,D002613,0,294348,"[""|Diseases|Stomatognathic Diseases|Mouth Diseases|Lip Diseases|Cheilitis|""]"
OTHER MOUTH & LIPS,Mouth Diseases,D009059,0,294055,"[""|Diseases|Stomatognathic Diseases|Mouth Diseases|""]"
MALE GENITAL,"Genital Diseases, Male",D005832,0,294678,"[""|Diseases|Male Urogenital Diseases|Genital Diseases, Male|""]"
FEMALE GENITAL,"Genital Diseases, Female",D005831,0,293737,"[""|Diseases|Female Urogenital Diseases and Pregnancy Complications|Female Urogenital Diseases|Genital Diseases, Female|""]"
PERIANAL,Perianal,,0,0,null
FLEXURES,Flexures,,0,0,null
LEGS,Leg Dermatoses,D007868,0,293085,"[""|Diseases|Skin and Connective Tissue Diseases|Skin Diseases|Leg Dermatoses|""]"
FEET,Foot Diseases,D005534,0,295347,"[""|Diseases|Musculoskeletal Diseases|Foot Diseases|"",""|Diseases|Skin and Connective Tissue Diseases|Skin Diseases|Foot Diseases|""]"
HANDS,Hand Dermatoses,D006229,0,294736,"[""|Diseases|Skin and Connective Tissue Diseases|Skin Diseases|Hand Dermatoses|""]"
NAILS,Nail Diseases,D009260,0,293258,"[""|Diseases|Skin and Connective Tissue Diseases|Skin Diseases|Nail Diseases|""]"
FUNGAL INFECTIONS OF NAILS,Nail Fungus,D014009,0,0,null
PARONYCHIA,Paronychia,D010304,0,295662,"[""|Diseases|Skin and Connective Tissue Diseases|Skin Diseases|Nail Diseases|Paronychia|"",""|Diseases|Bacterial Infections and Mycoses|Infection|Skin Diseases, Infectious|Paronychia|"",""|Diseases|Skin and Connective Tissue Diseases|Skin Diseases|Skin Diseases, Infectious|Paronychia|""]"
NAIL DEFORMITIES,"Nails, Malformed",D009264,0,293262,"[""|Diseases|Pathological Conditions, Signs and Symptoms|Pathological Conditions, Anatomical|Nails, Malformed|""]"
INGROWING TOENAIL,"Nails, Ingrown",D009263,0,293261,"[""|Diseases|Skin and Connective Tissue Diseases|Skin Diseases|Nail Diseases|Nails, Ingrown|""]"
NAIL PSORIASIS,Nail psoriasis,,0,0,null
OTHER NAILS,Nails,D009262,0,110887,"[""|Natural Science, Anatomy and Organisms|Anatomy|Integumentary System|Nails|""]"
SKIN CANCERS,Skin Cancer,D012878,0,0,null
SKIN CANCER - GENERAL,Skin Cancer,D012878,0,0,null
BOWEN'S DISEASE,Bowen's Disease,D001913,0,294162,"[""|Diseases|Cancers|Cancers by Histologic Type|Cancers, Glandular and Epithelial|Cancers, Squamous Cell|Carcinoma, Squamous Cell|Bowen's Disease|"",""|Diseases|Cancers|Cancers by Histologic Type|Cancers, Glandular and Epithelial|Carcinoma|Carcinoma, Squamous Cell|Bowen's Disease|""]"
SQUAMOUS CELL CARCINOMA,Squamous Cell Carcinoma,D002294,0,0,null
BASAL CELL CARCINOMA (RODENT ULCER),Basal cell carcinoma,D002280,0,0,null
MALIGNANT MELANOMA,Malignant Melanoma,D008545,0,0,null
KAPOSI'S SARCOMA,Kaposi Sarcoma,D012514,0,0,null
"OTHER MALIGNANCIES AFFECTING THE SKIN (SEE ALSO ""LYMPHOMAS & OTHER INFILTRATIONS"")",Skin Cancer,D012878,0,0,null
SKIN COLOUR,Skin Pigmentation,D012880,0,114501,"[""|Analytical, Diagnostic and Therapeutic Techniques and Equipment|Diagnosis|Diagnostic Techniques and Procedures|Physical Examination|Pigmentation|Skin Pigmentation|"",""|Public Health Methods, Theory And Research|Method|Diagnosis|Diagnostic Techniques and Procedures|Physical Examination|Pigmentation|Skin Pigmentation|""]"
SKIN PIGMENTATION & PHOTOTYPE #1,Pigmentation Disorders,D010859,0,293930,"[""|Diseases|Skin and Connective Tissue Diseases|Skin Diseases|Pigmentation Disorders|""]"
SKIN PIGMENTATION & PHOTOTYPE #2,Skin Pigmentation,D012880,0,114501,"[""|Analytical, Diagnostic and Therapeutic Techniques and Equipment|Diagnosis|Diagnostic Techniques and Procedures|Physical Examination|Pigmentation|Skin Pigmentation|"",""|Public Health Methods, Theory And Research|Method|Diagnosis|Diagnostic Techniques and Procedures|Physical Examination|Pigmentation|Skin Pigmentation|""]"
INCREASED PIGMENTATION,Hyperpigmentation,D017495,0,293170,"[""|Diseases|Skin and Connective Tissue Diseases|Skin Diseases|Pigmentation Disorders|Hyperpigmentation|""]"
DECREASED PIGMENTATION,Hypopigmentation,D017496,0,293521,"[""|Diseases|Skin and Connective Tissue Diseases|Skin Diseases|Pigmentation Disorders|Hypopigmentation|""]"
VITILIGO,Vitiligo,D014820,0,296146,"[""|Diseases|Skin and Connective Tissue Diseases|Skin Diseases|Pigmentation Disorders|Hypopigmentation|Vitiligo|""]"
STAGE OF LIFE,Age Groups,D009273,0,0,null
NEWBORN,"Infant, Newborn",D007231,0,0,null
INFANCY,Infant,D007223,0,107575,"[""|People And Populations|Group|Age Group|Child|Infant|""]"
CHILDHOOD,Child,D002648,0,107590,"[""|People And Populations|Group|Age Group|Child|""]"
MENSTRUAL CYCLE,Menstrual Cycle,D008597,0,122643,"[""|Natural Science, Anatomy and Organisms|Natural Sciences|Biological Sciences|Reproductive and Urinary Physiology|Reproduction|Menstrual Cycle|""]"
PREGNANCY,Pregnancy Complications,D011248,0,293402,"[""|Diseases|Female Urogenital Diseases and Pregnancy Complications|Pregnancy Complications|""]"
MENOPAUSE,Menopause,D008593,0,0,null
AGEING,Skin Aging,D015595,0,123629,"[""|Natural Science, Anatomy and Organisms|Natural Sciences|Biological Sciences|Digestive, Oral, and Skin Physiology|Skin Physiology|Skin Aging|""]"
SWEAT GLAND,Sweat Gland Diseases ,D013543,0,292936,"[""|Diseases|Skin and Connective Tissue Diseases|Skin Diseases|Sweat Gland Diseases|""]"
BODY ODOUR,Body odour,,0,0,null
HYPERHIDROSIS (EXCESS SWEATING),Hyperhidrosis,D006945,0,292933,"[""|Diseases|Skin and Connective Tissue Diseases|Skin Diseases|Sweat Gland Diseases|Hyperhidrosis|""]"
HYPOHIDROSIS (REDUCED SWEATING),Hypohidrosis,D007007,0,292940,"[""|Diseases|Skin and Connective Tissue Diseases|Skin Diseases|Sweat Gland Diseases|Hypohidrosis|""]"
MILIARIA (PRICKLY HEAT),Miliaria,D008883,0,295357,"[""|Diseases|Skin and Connective Tissue Diseases|Skin Diseases|Sweat Gland Diseases|Miliaria|""]"
OTHER SWEAT GLAND DISORDERS,Sweat Glands,D013545,0,0,null
TOXINS & POISONS,Poisoning,D011041,0,293744,"[""|Diseases|Disorders of Environmental Origin|Poisoning|""]"
GENERAL POISONING,Poisoning,D011041,0,293744,"[""|Diseases|Disorders of Environmental Origin|Poisoning|""]"
MERCURY,Mercury Poisoning,D008630,0,293196,"[""|Diseases|Disorders of Environmental Origin|Poisoning|Mercury Poisoning|""]"
ARSENIC,Arsenic Poisoning,D020261,0,292538,"[""|Diseases|Nervous System Diseases|Neurotoxicity Syndromes|Heavy Metal Poisoning, Nervous System|Arsenic Poisoning|"",""|Diseases|Disorders of Environmental Origin|Poisoning|Neurotoxicity Syndromes|Heavy Metal Poisoning, Nervous System|Arsenic Poisoning|"",""|Diseases|Disorders of Environmental Origin|Poisoning|Arsenic Poisoning|""]"
OTHER HEAVY METALS,Heavy Metals,D019216,0,0,null
MUSTARD GAS,Mustard Gas,D009151,0,0,null
CHLORACNE,Chloracne,D054506,0,292880,"[""|Diseases|Skin and Connective Tissue Diseases|Skin Diseases|Facial Dermatoses|Acneiform Eruptions|Chloracne|"",""|Diseases|Skin and Connective Tissue Diseases|Skin Diseases|Acneiform Eruptions|Chloracne|""]"
VASCULAR ,"Skin Diseases, Vascular",D017445,0,294057,"[""|Diseases|Skin and Connective Tissue Diseases|Skin Diseases|Skin Diseases, Vascular|""]"
VASCULAR ,Vascular Diseases,D014652,0,293817,"[""|Diseases|Cardiovascular Diseases|Vascular Diseases|""]"
"BLOOD & LYMPHATIC VESSEL ABNORMALITIES (SEE ALSO ""BIRTHMARKS & DISFIGUREMENTS"")",Vascular Malformations,D054079,0,293939,"[""|Diseases|Cardiovascular Diseases|Cardiovascular Abnormalities|Vascular Malformations|"",""|Diseases|Congenital, Hereditary, and Neonatal Diseases and Abnormalities|Congenital Abnormalities|Cardiovascular Abnormalities|Vascular Malformations|""]"
VARICOSITIES,Varicose Veins,D014648,0,296126,"[""|Diseases|Cardiovascular Diseases|Vascular Diseases|Varicose Veins|""]"
PURPURA & BRUISING #1,Purpura,D011693,0,295199,"[""|Diseases|Hemic and Lymphatic Diseases|Hematologic Diseases|Blood Coagulation Disorders|Purpura|"",""|Diseases|Pathological Conditions, Signs and Symptoms|Signs and Symptoms|Skin Manifestations|Purpura|"",""|Diseases|Skin and Connective Tissue Diseases|Skin Diseases|Skin Manifestations|Purpura|""]"
PURPURA & BRUISING #1,Contusions,D003288,0,294492,"[""|Diseases|Disorders of Environmental Origin|Wounds and Injuries|Contusions|"",""|Diseases|Disorders of Environmental Origin|Wounds and Injuries|Wounds, Nonpenetrating|Contusions|""]"
CUTANEOUS VASCULITIS & INFLAMMATORY PURPURA,Vasculitis ,D014657,0,293892,"[""|Diseases|Cardiovascular Diseases|Vascular Diseases|Vasculitis|""]"
ERYTHEMA NODOSUM & RELATED,Erythema Nodosum,D004893,0,294709,"[""|Diseases|Skin and Connective Tissue Diseases|Skin Diseases|Dermatitis|Drug Eruptions|Erythema Nodosum|"",""|Diseases|Immune System Diseases|Allergies|Drug Hypersensitivity|Drug Eruptions|Erythema Nodosum|"",""|Diseases|Disorders of Environmental Origin|Poisoning|Drug Toxicity|Drug Eruptions|Erythema Nodosum|"",""|Diseases|Skin and Connective Tissue Diseases|Skin Diseases|Erythema|Erythema Nodosum|""]"
ARTERIAL DISEASE & ISCHAEMIA,Peripheral Arterial Diseases,D016491,0,0,null
VENOUS DISEASE & LEG ULCERS,Venous disease,,0,0,null
VENOUS DISEASE & LEG ULCERS,Leg Ulcer,D007871,0,293089,"[""|Diseases|Skin and Connective Tissue Diseases|Skin Diseases|Skin Ulcer|Leg Ulcer|""]"
INTRAVASCULAR THROMBOSIS,Thrombosis,D013927,0,294509,"[""|Diseases|Cardiovascular Diseases|Vascular Diseases|Embolism and Thrombosis|Thrombosis|""]"
OEDEMA & LYMPHOEDEMA,Oedema,D004487,0,0,null
OEDEMA & LYMPHOEDEMA ,Lymphoedema,D008209,0,0,null
BLUSHING & FLUSHING,Blushing,D001821,0,113553,"[""|Analytical, Diagnostic and Therapeutic Techniques and Equipment|Therapeutics|Complementary Therapies|Mind-Body and Relaxation Techniques|Psychophysiology|Blushing|""]"
BLUSHING & FLUSHING,Flushing,D005483,0,295338,"[""|Diseases|Pathological Conditions, Signs and Symptoms|Signs and Symptoms|Flushing|""]"
VASODILATATION OF EXTREMITIES,Vasodilation,D014664,0,123114,"[""|Natural Science, Anatomy and Organisms|Natural Sciences|Biological Sciences|Circulatory and Respiratory Physiology|Cardiovascular Physiology|Cardiovascular Physiologic Phenomena|Hemodynamics|Vasodilation|"",""|Natural Science, Anatomy and Organisms|Natural Sciences|Biological Sciences|Circulatory and Respiratory Physiology|Cardiovascular Physiology|Cardiovascular Physiologic Processes|Hemodynamics|Vasodilation|""]"
RAYNAUD'S & RELATED,Raynaud's Disease,D011928,0,0,null
EPIDEMIOLOGY,Epidemiology,D004813,0,107885,"[""|Public Health Methods, Theory And Research|Health Research|Epidemiology|""]"
IMPACT OF SKIN DISEASE,Impact of skin disease,,0,0,null
QUALITY OF LIFE INDICATORS,Quality of Life,D011788,0,117508,"[""|Education, Sociology and Social Phenomena|Social Sciences|Quality of Life|""]"
STATISTICS,Statistics,D020500,0,0,null
DIAGNOSIS & INVESTIGATION,Diagnosis,D003933,0,113944,"[""|Analytical, Diagnostic and Therapeutic Techniques and Equipment|Diagnosis|"",""|Public Health Methods, Theory And Research|Method|Diagnosis|""]"
ALLERGY TESTS (INCLUDING PATCH TESTS),Patch Tests,D010328,0,114617,"[""|Analytical, Diagnostic and Therapeutic Techniques and Equipment|Diagnosis|Diagnostic Techniques and Procedures|Skin Tests|Patch Tests|"",""|Public Health Methods, Theory And Research|Method|Diagnosis|Diagnostic Techniques and Procedures|Skin Tests|Patch Tests|"",""|Analytical, Diagnostic and Therapeutic Techniques and Equipment|Investigative Techniques|Immunologic Techniques|Immunologic Tests|Skin Tests|Patch Tests|"",""|Analytical, Diagnostic and Therapeutic Techniques and Equipment|Diagnosis|Laboratory Techniques and Procedures|Immunologic Tests|Skin Tests|Patch Tests|"",""|Public Health Methods, Theory And Research|Method|Diagnosis|Laboratory Techniques and Procedures|Immunologic Tests|Skin Tests|Patch Tests|""]"
BIOPSIES,Biopsy,D001706,0,113487,"[""|Analytical, Diagnostic and Therapeutic Techniques and Equipment|Diagnosis|Laboratory Techniques and Procedures|Cytodiagnosis|Biopsy|"",""|Public Health Methods, Theory And Research|Method|Diagnosis|Laboratory Techniques and Procedures|Cytodiagnosis|Biopsy|"",""|Analytical, Diagnostic and Therapeutic Techniques and Equipment|Diagnosis|Diagnostic Techniques and Procedures|Diagnostic Techniques, Surgical|Biopsy|"",""|Public Health Methods, Theory And Research|Method|Diagnosis|Diagnostic Techniques and Procedures|Diagnostic Techniques, Surgical|Biopsy|"",""|Analytical, Diagnostic and Therapeutic Techniques and Equipment|Diagnosis|Laboratory Techniques and Procedures|Specimen Handling|Biopsy|"",""|Public Health Methods, Theory And Research|Method|Diagnosis|Laboratory Techniques and Procedures|Specimen Handling|Biopsy|"",""|Analytical, Diagnostic and Therapeutic Techniques and Equipment|Surgical Procedures, Operative|Biopsy|""]"
BLOOD TESTS,Hematologic Tests,D006403,0,113511,"[""|Analytical, Diagnostic and Therapeutic Techniques and Equipment|Diagnosis|Laboratory Techniques and Procedures|Hematologic Tests|"",""|Public Health Methods, Theory And Research|Method|Diagnosis|Laboratory Techniques and Procedures|Hematologic Tests|""]"
DERMOSCOPY,Dermoscopy,D046169,0,115376,"[""|Analytical, Diagnostic and Therapeutic Techniques and Equipment|Diagnosis|Diagnostic Techniques and Procedures|Diagnostic Imaging|Microscopy|Dermoscopy|"",""|Public Health Methods, Theory And Research|Method|Diagnosis|Diagnostic Techniques and Procedures|Diagnostic Imaging|Microscopy|Dermoscopy|"",""|Analytical, Diagnostic and Therapeutic Techniques and Equipment|Investigative Techniques|Microscopy|Dermoscopy|""]"
DIAGNOSIS,Diagnosis,D003933,0,113944,"[""|Analytical, Diagnostic and Therapeutic Techniques and Equipment|Diagnosis|"",""|Public Health Methods, Theory And Research|Method|Diagnosis|""]"
DISEASE SEVERITY SCALES,Disease severity scales,,0,0,null
PHOTOGRAPHY,Photography,D010781,0,114172,"[""|Analytical, Diagnostic and Therapeutic Techniques and Equipment|Diagnosis|Diagnostic Techniques and Procedures|Diagnostic Imaging|Photography|"",""|Public Health Methods, Theory And Research|Method|Diagnosis|Diagnostic Techniques and Procedures|Diagnostic Imaging|Photography|"",""|Analytical, Diagnostic and Therapeutic Techniques and Equipment|Investigative Techniques|Photography|""]"
SCREENING,Mass Screening,D008403,0,114243,"[""|Analytical, Diagnostic and Therapeutic Techniques and Equipment|Diagnosis|Diagnostic Techniques and Procedures|Mass Screening|"",""|Public Health Methods, Theory And Research|Method|Diagnosis|Diagnostic Techniques and Procedures|Mass Screening|""]"
PHOTOTESTING,Phototesting,,0,0,null
SKIN PATHOLOGY,Skin pathology,,0,0,null
TELEDERMATOLOGY,Teledermatology,,0,0,null
TREATMENT & MANAGEMENT,Therapeutics,D013812,0,113253,"[""|Analytical, Diagnostic and Therapeutic Techniques and Equipment|Therapeutics|""]"
COMPLEMENTARY & ALTERNATIVE TREATMENTS,Complementary Therapies,D000529,0,113311,"[""|Analytical, Diagnostic and Therapeutic Techniques and Equipment|Therapeutics|Complementary Therapies|""]"
COMPRESSION BANDAGES & STOCKINGS,Intermittent Pneumatic Compression Devices,D048228,0,114217,"[""|Analytical, Diagnostic and Therapeutic Techniques and Equipment|Equipment and Supplies|Intermittent Pneumatic Compression Devices|""]"
COSMETIC TREATMENTS & IMPLANTS,"Surgery, Plastic",D013518,0,123076,"[""|Natural Science, Anatomy and Organisms|Natural Sciences|Biological Sciences|Health Occupations|Medicine|Specialties, Surgical|Surgery, Plastic|""]"
COSMETIC TREATMENTS & IMPLANTS,Breast Implants,D018427,0,114707,"[""|Analytical, Diagnostic and Therapeutic Techniques and Equipment|Equipment and Supplies|Prostheses and Implants|Breast Implants|""]"
DIET & SUPPLEMENTS,Dietary Supplements,D019587,0,0,null
DIET & SUPPLEMENTS,Diet,D004032,0,108134,"[""|Determinants Of Health|Individual Behaviour|Eating Habit|Diet|""]"
DRESSINGS,Bandages,D001458,0,113457,"[""|Analytical, Diagnostic and Therapeutic Techniques and Equipment|Equipment and Supplies|Bandages|""]"
HAIR REMOVAL,Hair removal,D006204,0,0,null
LASER TREATMENT,Laser Therapy,D053685,0,115126,"[""|Analytical, Diagnostic and Therapeutic Techniques and Equipment|Surgical Procedures, Operative|Laser Therapy|"",""|Analytical, Diagnostic and Therapeutic Techniques and Equipment|Therapeutics|Laser Therapy|""]"
PHOTODYNAMIC THERAPY,Photochemotherapy,D010778,0,114146,"[""|Analytical, Diagnostic and Therapeutic Techniques and Equipment|Therapeutics|Combined Modality Therapy|Photochemotherapy|"",""|Analytical, Diagnostic and Therapeutic Techniques and Equipment|Therapeutics|Drug Therapy|Photochemotherapy|"",""|Analytical, Diagnostic and Therapeutic Techniques and Equipment|Therapeutics|Phototherapy|Photochemotherapy|""]"
PHOTOTHERAPY,Phototherapy,D010789,0,114141,"[""|Analytical, Diagnostic and Therapeutic Techniques and Equipment|Therapeutics|Phototherapy|""]"
PRESCRIBING,Prescriptions,D055656,0,0,null
PREVENTION,Primary Prevention,D011322,0,112554,"[""|Health Care|Health Care Facilities, Manpower, and Services|Health Services|Community Health Services|Preventive Health Services|Primary Prevention|"",""|Health Care|Health Care Facilities, Manpower, and Services|Health Services|Preventive Health Services|Primary Prevention|"",""|Health Care|Population Characteristics|Health|Public Health|Public Health Practice|Primary Prevention|""]"
PSYCHOLOGICAL & EDUCATIONAL INTERVENTIONS,Crisis Intervention,D003419,0,106661,"[""|Psychiatry and Pscychology|Behavioral Disciplines and Activities|Psychotherapy|Crisis Intervention|""]"
RADIOTHERAPY,Radiotherapy,D011878,0,113584,"[""|Analytical, Diagnostic and Therapeutic Techniques and Equipment|Therapeutics|Radiotherapy|""]"
SKIN CAMOUFLAGE,Skin camouflage,,0,0,null
SUNSCREENS & SUN PROTECTION,Sunscreening Agents,D013473,0,0,null
SURGICAL,Surgery,D013502,0,109857,"[""|Health Services And Their Management|Healthcare And Health Services|Medical Treatment|Surgery|""]"
CRYOTHERAPY,Cryotherapy,D017679,0,113743,"[""|Analytical, Diagnostic and Therapeutic Techniques and Equipment|Therapeutics|Cryotherapy|""]"
DERMATOLOGICAL SURGERY,Surgery,D013502,0,109857,"[""|Health Services And Their Management|Healthcare And Health Services|Medical Treatment|Surgery|""]"
DERMATOLOGICAL SURGERY,Dermatology,D003880,0,122472,"[""|Natural Science, Anatomy and Organisms|Natural Sciences|Biological Sciences|Health Occupations|Medicine|Specialties, Medical|Dermatology|""]"
MOHS' MICROGRAPHIC SURGERY,Mohs Surgery,D015580,0,115042,"[""|Analytical, Diagnostic and Therapeutic Techniques and Equipment|Investigative Techniques|Micromanipulation|Microsurgery|Mohs Surgery|"",""|Analytical, Diagnostic and Therapeutic Techniques and Equipment|Surgical Procedures, Operative|Microsurgery|Mohs Surgery|""]"
PLASTIC SURGERY,"Surgery, Plastic",D013518,0,123076,"[""|Natural Science, Anatomy and Organisms|Natural Sciences|Biological Sciences|Health Occupations|Medicine|Specialties, Surgical|Surgery, Plastic|""]"
WOUND CLOSURE,Wound closure,,0,0,null
SYSTEMIC DRUGS,Pharmaceutical Preparations,D004364,0,0,null
ANTILEPROTIC DRUGS (INCLUDING DAPSONE),Leprostatic Agents,D007917,0,0,null
ANTILEPROTIC DRUGS (INCLUDING DAPSONE),Dapsone,D003622,0,0,null
ANTIMALARIAL DRUGS (INCLUDING HYDROXYCHLOROQUINE),Antimalarials,D000962,0,0,null
ANTIMALARIAL DRUGS (INCLUDING HYDROXYCHLOROQUINE),Hydroxychloroquine,D006886,0,0,null
BIOLOGICAL THERAPIES (BIOLOGICS),Biological Therapy,D001691,0,113483,"[""|Analytical, Diagnostic and Therapeutic Techniques and Equipment|Therapeutics|Biological Therapy|""]"
COLCHICINE,Colchicine,D003078,0,0,null
"CYTOTOXIC & IMMUNOSUPPRESSIVE DRUGSANTIBIOTICS, ANTINEOPLASTIC",,D000903,0,0,null
"CYTOTOXIC & IMMUNOSUPPRESSIVE DRUGSANTIBIOTICS, ANTINEOPLASTIC",Immunosuppressive Agents,D007166,0,0,null
CHEMOTHERAPY,Drug Therapy,D004358,0,113968,"[""|Analytical, Diagnostic and Therapeutic Techniques and Equipment|Therapeutics|Drug Therapy|""]"
ALKYLATING DRUGS (INCLUDING CYCLOPHOSPHAMIDE)CYCLOPHOSPHAMIDE,"Antineoplastic Agents, Alkylating",D018906,0,0,null
ALKYLATING DRUGS (INCLUDING CYCLOPHOSPHAMIDE)CYCLOPHOSPHAMIDE,,D003520,0,0,null
AZATHIOPRINE,Azathioprine,D001379,0,0,null
CICLOSPORIN,Cyclosporine,D016572,0,0,null
FUMARATES,Fumarates,D005650,0,0,null
HYDROXYCARBAMIDE (HYDROXYUREA),Hydroxyurea,D006918,0,0,null
LEFLUNOMIDE,leflunomide,C045463,0,0,null
LEFLUNOMIDE,Isoxazoles,D007555,0,0,null
METHOTREXATE,Methotrexate,D008727,0,0,null
MYCOPHENOLATE MOFETIL,Mycophenolate mofetil,C063008,0,0,null
MYCOPHENOLATE MOFETIL,Mycophenolic Acid,D009173,0,0,null
GOLD,Gold,D006046,0,0,null
HORMONES & ANTI-ANDROGENS,Hormones,D006728,0,0,null
HORMONES & ANTI-ANDROGENS,Androgen Antagonists,D000726,0,0,null
IMMUNOGLOBULINS,Immunoglobulins,D007136,0,0,null
SYSTEMIC ANTIBACTERIAL AGENTS,Anti-Bacterial Agents,D000900,0,0,null
SYSTEMIC ANTIFUNGAL AGENTS,Antifungal Agents,D000935,0,0,null
SYSTEMIC ANTIHISTAMINES,Histamine Antagonists,D006633,0,0,null
SYSTEMIC ANTIPARASITIC AGENTS,Antiparasitic agents,D000977,0,0,null
SYSTEMIC ANTIPRURITIC AGENTS,Antipruritics,D000982,0,0,null
SYSTEMIC ANTIVIRAL AGENTS,Antiviral Agents,D000998,0,0,null
SYSTEMIC CORTICOSTEROIDS,Adrenal Cortex Hormones,D000305,0,0,null
SYSTEMIC INTERFERONS,Interferons,D007372,0,0,null
SYSTEMIC RETINOIDS,Retinoids,D012176,0,0,null
THALIDOMIDE,Thalidomide,D013792,0,0,null
TOPICAL TREATMENTS,"Administration, Topical",D000287,0,113263,"[""|Analytical, Diagnostic and Therapeutic Techniques and Equipment|Investigative Techniques|Drug Administration Routes|Administration, Topical|""]"
BARRIER PREPARATIONS,Barrier preparations,,0,0,null
CLEANSERS,Cleansers,,0,0,null
DEBRIDING AGENTS,Debridement,D003646,0,113831,"[""|Analytical, Diagnostic and Therapeutic Techniques and Equipment|Surgical Procedures, Operative|Debridement|""]"
EMOLLIENTS,Emollients,D004643,0,0,null
SHAMPOOS,Shampoos,,0,0,null
TOPICAL ACNE TREATMENTS,Topical acne treatments,,0,0,null
TOPICAL ANTIBACTERIAL AGENTS,Anti-Bacterial Agents,D000900,0,0,null
TOPICAL ANTIFUNGAL AGENTS,Antifungal Agents,D000935,0,0,null
TOPICAL ANTIHISTAMINES,Histamine Antagonists,D006633,0,0,null
TOPICAL ANTIPARASITIC TREATMENTS & REPELLENTS,Insect Repellents,D007302,0,0,null
TOPICAL ANTIVIRAL AGENTS,Antiviral Agents,D000998,0,0,null
TOPICAL CYTOTOXIC AGENTS,Cytotoxins,D003603,0,0,null
TOPICAL DRUGS AFFECTING THE IMMUNE RESPONSE,,,0,0,null
TOPICAL & INTRALESIONAL CORTICOSTEROIDS,Adrenal Cortex Hormones,D000305,0,0,null
TOPICAL & INTRALESIONAL INTERFERONS,Interferons,D007372,0,0,null
TOPICAL LOCAL ANAESTHETICS & ANTIPRURITICS,Antipruritics,D000982,0,0,null
TOPICAL PSORIASIS TREATMENTS,"Administration, Topical",D000287,0,113263,"[""|Analytical, Diagnostic and Therapeutic Techniques and Equipment|Investigative Techniques|Drug Administration Routes|Administration, Topical|""]"
TOPICAL PSORIASIS TREATMENTS,Psoriasis,D011565,0,295719,"[""|Diseases|Skin and Connective Tissue Diseases|Skin Diseases|Skin Diseases, Papulosquamous|Psoriasis|""]"
TOPICAL RETINOIDS,Retinoids,D012176,0,0,null
TOPICAL VITAMINS,Vitamins,D014815,0,0,null
SERVICE DELIVERY,Delivery of Health Care,D003695,0,112273,"[""|Health Care|Health Care Quality, Access, and Evaluation|Delivery of Health Care|"",""|Health Care|Health Services Administration|Patient Care Management|Delivery of Health Care|""]"
GENERAL DERMATOLOGY SERVICES,Delivery of Health Care,D003695,0,112273,"[""|Health Care|Health Care Quality, Access, and Evaluation|Delivery of Health Care|"",""|Health Care|Health Services Administration|Patient Care Management|Delivery of Health Care|""]"
GENERAL DERMATOLOGY SERVICES,Dermatology,D003880,0,122472,"[""|Natural Science, Anatomy and Organisms|Natural Sciences|Biological Sciences|Health Occupations|Medicine|Specialties, Medical|Dermatology|""]"
SECONDARY CARE DERMATOLOGY SERVICES,Secondary care dermatology services,,0,0,null
TELEDERMATOLOGY SERVICES,Teledermatology services,,0,0,null
GPS WITH A SPECIAL INTEREST,GPs with a Special Interest,,0,0,null
PRIMARY CARE,Primary Health Care,D011320,0,112359,"[""|Health Care|Health Services Administration|Patient Care Management|Comprehensive Health Care|Primary Health Care|""]"
NURSING SERVICES,Nursing services,D009739,0,0,null
PHARMACY SERVICES,Pharmacy Services,D010593,0,0,null
RELATED SPECIALTY SERVICES,Delivery of Health Care,D003695,0,112273,"[""|Health Care|Health Care Quality, Access, and Evaluation|Delivery of Health Care|"",""|Health Care|Health Services Administration|Patient Care Management|Delivery of Health Care|""]"
DERMATOLOGY,Dermatology,D003880,0,122472,"[""|Natural Science, Anatomy and Organisms|Natural Sciences|Biological Sciences|Health Occupations|Medicine|Specialties, Medical|Dermatology|""]"
DERMATOPATHOLOGY,Dermatopathology,,0,0,null
GENITOURINARY MEDICINE,Genitourinary medicine,,0,0,null
MANAGEMENT,Management,,0,109629,"[""|Health Services And Their Management|Management And Policy|Management|""]"
NURSING,Nursing,D009729,0,109648,"[""|Health Services And Their Management|Healthcare And Health Services|Nursing|""]"
PAEDIATRIC DERMATOLOGY,Paediatric dermatology,,0,0,null
PHARMACY,Pharmacy,D010604,0,109794,"[""|Health Services And Their Management|Healthcare And Health Services|Pharmacy|""]"
PRIMARY CARE,Primary Health Care,D011320,0,112359,"[""|Health Care|Health Services Administration|Patient Care Management|Comprehensive Health Care|Primary Health Care|""]"
SURGERY,General Surgery,D013502,0,0,null
